frame,success,return,role_reward,catch_reward,goal_penalty,goal_reached,collision,collision_wall,collision_drone,pursuer_collisions_count,target_predicted_error,terminal_reward,spread_reward,goal_progress_reward
524288,0.7451550364494324,18.17974853515625,0.020513838157057762,0.36571305990219116,-0.014386101625859737,0.2529069781303406,0.055807262659072876,0.0027957588899880648,0.017196159809827805,9.195735931396484,0.10437106341123581,0.35132700204849243,0.07150670886039734,-0.015386523678898811
1310720,0.014912281185388565,-79.90126037597656,-0.023724928498268127,0.007937094196677208,-0.03791818767786026,0.7587719559669495,0.31439733505249023,0.006481518968939781,0.04001297056674957,40.52719497680664,0.3517937958240509,-0.030916767194867134,0.014313396997749805,-0.013612843118607998
1835008,0.6043956279754639,2.0919532775878906,0.014054042287170887,0.3053740859031677,-0.014558468945324421,0.29120880365371704,0.1565176248550415,0.005521926563233137,0.013576347380876541,12.342229843139648,0.18027710914611816,0.29038652777671814,0.05852331593632698,-0.014447007328271866
2686976,0.05383211746811867,-64.54644012451172,-0.022898979485034943,0.025692829862236977,-0.044490061700344086,0.8950729966163635,0.24168072640895844,0.002906725276261568,0.039472732692956924,29.632299423217773,0.24453645944595337,-0.01879722811281681,0.019490007311105728,-0.015527582727372646
3473408,0.4560716450214386,-16.830429077148438,0.0040854522958397865,0.22751440107822418,-0.01927020773291588,0.3547845482826233,0.20296239852905273,0.007872146554291248,0.015003141015768051,18.29266929626465,0.15250995755195618,0.2074010670185089,0.04737760126590729,-0.013972409069538116
4259840,0.056179776787757874,-55.87679672241211,-0.022044196724891663,0.02630913071334362,-0.04641413688659668,0.8772687911987305,0.2368924766778946,0.00570715544745326,0.03695349022746086,23.64217758178711,0.18251800537109375,-0.02010500431060791,0.019713478162884712,-0.01584828644990921
4980736,0.007751937955617905,-69.84052276611328,-0.028952188789844513,0.00394038250669837,-0.035743895918130875,0.7025193572044373,0.4076712727546692,0.011527172289788723,0.025366399437189102,31.46705436706543,0.17392472922801971,-0.033005062490701675,0.01331769023090601,-0.013603465631604195
5439488,0.8046647310256958,28.617738723754883,0.02841109409928322,0.39634445309638977,-0.010851876810193062,0.19339163601398468,0.04487881809473038,0.006326650734990835,0.008651668205857277,4.639455795288086,0.08216726779937744,0.38549256324768066,0.0752641037106514,-0.015022020787000656
6225920,0.01603849232196808,-65.15084838867188,-0.026934515684843063,0.00796877034008503,-0.040642399340867996,0.7866880297660828,0.2806602418422699,0.029969472438097,0.029856421053409576,27.95509147644043,0.15928292274475098,-0.033363282680511475,0.015477202832698822,-0.01445781160145998
6750208,0.5753323435783386,-0.8354642391204834,0.010911703109741211,0.2803861200809479,-0.015406249091029167,0.2865583300590515,0.1621531993150711,0.016596594825387,0.009681438095867634,12.727474212646484,0.09253422170877457,0.26426103711128235,0.055571336299180984,-0.014624916948378086
7471104,0.05062082037329674,-40.703243255615234,-0.02163076214492321,0.020965073257684708,-0.04782422259449959,0.8672397136688232,0.20042678713798523,0.02868332713842392,0.021283823996782303,12.620820999145508,0.1312684267759323,-0.02685915306210518,0.020043209195137024,-0.01639404520392418
8126464,0.014299333095550537,-65.05070495605469,-0.029140803962945938,0.006823416333645582,-0.03572759032249451,0.6825548410415649,0.3859575688838959,0.030758075416088104,0.022335276007652283,27.91229820251465,0.13800916075706482,-0.030245130881667137,0.013838613405823708,-0.013597659766674042
8650752,0.7916666865348816,27.131105422973633,0.023433703929185867,0.3808172643184662,-0.009938848204910755,0.18410852551460266,0.07876106351613998,0.005335632711648941,0.005319614429026842,4.202519416809082,0.07428044825792313,0.3708331882953644,0.07177470624446869,-0.01556059718132019
9175040,0.01043643243610859,-53.172645568847656,-0.025919314473867416,0.005237386096268892,-0.046335332095623016,0.9250474572181702,0.1956138163805008,0.014784726314246655,0.026862693950533867,18.27988624572754,0.13457754254341125,-0.04109794646501541,0.01720346137881279,-0.015238186344504356
9830400,0.00659133680164814,-58.41572570800781,-0.031214039772748947,0.003225497202947736,-0.03823474422097206,0.6836158037185669,0.39845842123031616,0.0250412430614233,0.02089511789381504,22.712804794311523,0.12681466341018677,-0.036453064531087875,0.013858256861567497,-0.014185011386871338
10420224,0.6031631827354431,11.384651184082031,0.01425203587859869,0.2865678369998932,-0.01995943672955036,0.3889288306236267,0.08744676411151886,0.018703484907746315,0.009845448657870293,5.888569355010986,0.08524853736162186,0.2666083872318268,0.06051516905426979,-0.01570546068251133
11206656,0.014164306223392487,-53.053043365478516,-0.031859125941991806,0.006925941910594702,-0.0386841744184494,0.7318224906921387,0.3385997712612152,0.10033988952636719,0.016308609396219254,18.222850799560547,0.12592488527297974,-0.03250107169151306,0.01489244308322668,-0.014284715987741947
11665408,0.5957607626914978,0.2433486431837082,0.01202080026268959,0.2844092845916748,-0.012890071608126163,0.2286146879196167,0.1851092278957367,0.06253620982170105,0.010803957469761372,13.465556144714355,0.07025213539600372,0.2706410586833954,0.057000644505023956,-0.014550900086760521
12451840,0.06666667014360428,-60.75577926635742,-0.024060361087322235,0.02397828735411167,-0.04458078369498253,0.8864865303039551,0.2863296568393707,0.024356413632631302,0.04476822167634964,27.441442489624023,0.12654627859592438,-0.020602494478225708,0.019178375601768494,-0.015441792085766792
13172736,0.008628955110907555,-77.20216369628906,-0.027695409953594208,0.004381038248538971,-0.03616311773657799,0.6452540755271912,0.375060498714447,0.03792618215084076,0.03521719574928284,38.78715133666992,0.10104020684957504,-0.03346952423453331,0.013257062062621117,-0.013570119626820087
13697024,0.6063492298126221,5.404603958129883,0.013693969696760178,0.2873763144016266,-0.02009578049182892,0.3682539761066437,0.10000169277191162,0.014567852020263672,0.018830925226211548,10.662698745727539,0.06347697228193283,0.2672805190086365,0.06013907864689827,-0.015803655609488487
14548992,0.005479452200233936,-74.75762176513672,-0.0272232536226511,0.002596963196992874,-0.030250249430537224,0.6657534241676331,0.42287877202033997,0.09616583585739136,0.0320952832698822,37.10867691040039,0.10855016857385635,-0.02912665158510208,0.01471446081995964,-0.012080994434654713
15204352,0.5835567712783813,6.098069190979004,0.011058855801820755,0.28028860688209534,-0.022223856300115585,0.3717605173587799,0.12785054743289948,0.013683624565601349,0.0134586775675416,8.506702423095703,0.058341074734926224,0.2579813301563263,0.05835874751210213,-0.016405489295721054
15925248,0.008122744038701057,-58.527740478515625,-0.030945327132940292,0.003867950988933444,-0.047961100935935974,0.9314079284667969,0.3237117528915405,0.021738721057772636,0.030843287706375122,21.060468673706055,0.10212557762861252,-0.04409315064549446,0.016203926876187325,-0.015889428555965424
16580608,0.41527003049850464,-17.53723907470703,-0.002277471125125885,0.19855059683322906,-0.020881744101643562,0.3780260980129242,0.259265273809433,0.02760588377714157,0.015540975145995617,16.517070770263672,0.07409276068210602,0.1766756772994995,0.043671026825904846,-0.014325905591249466
17367040,0.027633851394057274,-59.93231964111328,-0.03036241978406906,0.010824489407241344,-0.05112164095044136,0.9326424598693848,0.28861624002456665,0.01321827806532383,0.03902210667729378,23.499135971069336,0.09120257198810577,-0.04029715806245804,0.01876712776720524,-0.016920166090130806
18219008,0.40707436203956604,-21.904630661010742,-0.0022619522642344236,0.1970551460981369,-0.02187362127006054,0.4082733988761902,0.2446356564760208,0.029790066182613373,0.016293108463287354,19.270383834838867,0.06946684420108795,0.1743382215499878,0.04328794777393341,-0.014453682117164135
19005440,0.03240324184298515,-57.2049560546875,-0.029086332768201828,0.014224502258002758,-0.050577469170093536,0.9306930899620056,0.2816427946090698,0.007079648785293102,0.035737037658691406,22.448246002197266,0.10177532583475113,-0.036352965980768204,0.02081879787147045,-0.01683756522834301
19857408,0.4288288354873657,-14.624173164367676,-0.002831072546541691,0.20486761629581451,-0.020477812737226486,0.41141143441200256,0.2279779016971588,0.014747683890163898,0.010864444077014923,13.867267608642578,0.07323970645666122,0.18357300758361816,0.0455719456076622,-0.013915241695940495
20578304,0.030461270362138748,-41.46995162963867,-0.028918275609612465,0.013480329886078835,-0.05224057286977768,0.9312445521354675,0.21135801076889038,0.0028826105408370495,0.017269067466259003,10.447344779968262,0.13304466009140015,-0.038760244846343994,0.021075716242194176,-0.017097502946853638
21364736,0.013346044346690178,-42.133602142333984,-0.029548631981015205,0.006949544884264469,-0.03578422591090202,0.7521449327468872,0.37821751832962036,0.020494049414992332,0.008924474008381367,9.892278671264648,0.10496467351913452,-0.02951468899846077,0.014971607364714146,-0.013056095689535141
21889024,0.4834156632423401,3.9589035511016846,0.0032198780681937933,0.22982971370220184,-0.028676331043243408,0.5130557417869568,0.0689270868897438,0.0010337213752791286,0.006997615564614534,3.9675371646881104,0.10073540359735489,0.20115338265895844,0.055007290095090866,-0.016684425994753838
22675456,0.021276596933603287,-38.68450164794922,-0.027540944516658783,0.010400855913758278,-0.042067475616931915,0.855899453163147,0.320059597492218,0.019738778471946716,0.008172428235411644,7.094777584075928,0.09959831833839417,-0.0321953110396862,0.015639355406165123,-0.01405943650752306
23265280,0.5735151171684265,11.896734237670898,0.006388173438608646,0.2687467038631439,-0.021161410957574844,0.3631937801837921,0.13680769503116608,0.009113756939768791,0.0029695765115320683,2.706913471221924,0.05773624777793884,0.24742300808429718,0.05848114565014839,-0.01629607193171978
23789568,0.0361216738820076,-30.53936767578125,-0.02121427096426487,0.014332291670143604,-0.05278772488236427,0.9315589070320129,0.15058019757270813,0.004428517073392868,0.008544789627194405,4.902091026306152,0.13553595542907715,-0.03845543414354324,0.0231454037129879,-0.01725224405527115
24772608,0.3326626420021057,-12.11137866973877,-0.007888576947152615,0.15236151218414307,-0.0219555851072073,0.531187117099762,0.293183833360672,0.02171684056520462,0.006080077961087227,6.508383274078369,0.0818178802728653,0.13000798225402832,0.03826126456260681,-0.013395112939178944
25362432,0.05576208233833313,-28.056259155273438,-0.02013387531042099,0.015862245112657547,-0.055676817893981934,0.9414498209953308,0.16755925118923187,0.0038744197227060795,0.007280865218490362,3.9265799522399902,0.11829688400030136,-0.03981457278132439,0.023446986451745033,-0.0181888397783041
26214400,0.008028545416891575,-42.07006072998047,-0.028931258246302605,0.004152009729295969,-0.03517172485589981,0.7921498417854309,0.42200207710266113,0.0312193650752306,0.009765754453837872,9.534343719482422,0.0985620990395546,-0.03148358687758446,0.014261213131248951,-0.012977269478142262
26738688,0.4252100884914398,0.998065173625946,-0.0003494518168736249,0.1835879534482956,-0.0336599163711071,0.5537815093994141,0.11564906686544418,0.0116274394094944,0.0070832110941410065,3.9647059440612793,0.07543382793664932,0.1498440057039261,0.04944455996155739,-0.017277788370847702
27459584,0.010978956706821918,-35.69732666015625,-0.02968369796872139,0.005433845333755016,-0.05007475987076759,0.9304665923118591,0.34762072563171387,0.008544561453163624,0.005770998075604439,4.440073013305664,0.1065935492515564,-0.04464091360569,0.015742024406790733,-0.017019836232066154
28311552,0.2767857313156128,-19.596057891845703,-0.008689087815582752,0.1163119450211525,-0.03374052420258522,0.6497253179550171,0.34502241015434265,0.013175524771213531,0.012112416326999664,10.50480842590332,0.07800327241420746,0.08219596743583679,0.03766404092311859,-0.015780434012413025
28966912,0.01886792480945587,-32.85441589355469,-0.030292676761746407,0.008403022773563862,-0.04894234985113144,0.897169828414917,0.2973228991031647,0.017289502546191216,0.0035339382011443377,3.2188680171966553,0.10350971668958664,-0.04053933173418045,0.01707972027361393,-0.017282741144299507
29884416,0.3346303403377533,-13.104412078857422,-0.01105755940079689,0.1512889713048935,-0.024683184921741486,0.4912451505661011,0.349613219499588,0.017440183088183403,0.007327101193368435,7.885213851928711,0.06490281224250793,0.1258210986852646,0.040053728967905045,-0.015165760181844234
30277632,0.11627906560897827,-24.40489959716797,-0.017393210902810097,0.018822109326720238,-0.05210467427968979,0.8738819360733032,0.18952777981758118,0.0016434594290331006,0.008785509504377842,5.052772521972656,0.09878117591142654,-0.0332825630903244,0.02254605107009411,-0.018288180232048035
31064064,0.01039697602391243,-39.30561828613281,-0.031361158937215805,0.005590682849287987,-0.0373082160949707,0.8449905514717102,0.42686519026756287,0.06238861754536629,0.007211418356746435,7.517958641052246,0.09044919908046722,-0.03193177655339241,0.01555287092924118,-0.013842624612152576
31653888,0.3987341821193695,-6.07802152633667,-0.0059828925877809525,0.14838871359825134,-0.03193407505750656,0.5198915004730225,0.17544446885585785,0.019924741238355637,0.01354705635458231,7.423146724700928,0.07172709703445435,0.11624971032142639,0.04266040027141571,-0.01705549657344818
32440320,0.02058319002389908,-38.05345916748047,-0.025339016690850258,0.009977194480597973,-0.04164130240678787,0.8096055388450623,0.3002813160419464,0.010921715758740902,0.009348724037408829,9.329331398010254,0.09156839549541473,-0.032104361802339554,0.017478276044130325,-0.014742149971425533
33226752,0.3418326675891876,-17.753293991088867,-0.009353801608085632,0.12520819902420044,-0.03116912581026554,0.5928286910057068,0.2643026113510132,0.035291995853185654,0.01788032054901123,12.141036033630371,0.07191839069128036,0.09385313838720322,0.0376625619828701,-0.01612115651369095
34078720,0.015748031437397003,-51.45920944213867,-0.02996099926531315,0.007652979344129562,-0.0371907502412796,0.6677165031433105,0.4011703133583069,0.009309491142630577,0.015727540478110313,19.805511474609375,0.08676508069038391,-0.030960341915488243,0.01701425202190876,-0.014662290923297405
34865152,0.2821083962917328,-22.418500900268555,-0.012957269325852394,0.09598077833652496,-0.03706912323832512,0.6154417395591736,0.251873254776001,0.02161346934735775,0.017826979979872704,12.63103199005127,0.06755462288856506,0.058604806661605835,0.03360150754451752,-0.01680893637239933
35717120,0.015586546622216702,-48.50065994262695,-0.031094495207071304,0.007908569648861885,-0.03589607775211334,0.6447908282279968,0.3928739130496979,0.013944888487458229,0.014710972085595131,17.95570182800293,0.08126340061426163,-0.029491474851965904,0.017438404262065887,-0.014660662040114403
36503552,0.15217392146587372,-29.68149757385254,-0.021633192896842957,0.056542422622442245,-0.040736790746450424,0.6965973973274231,0.2859266698360443,0.02661493793129921,0.015400286763906479,10.554821014404297,0.0703081265091896,0.015320438891649246,0.02905355393886566,-0.016693463549017906
37355520,0.027982326224446297,-42.34724044799805,-0.025158850476145744,0.008685322478413582,-0.035695429891347885,0.6759940981864929,0.33749571442604065,0.022097956389188766,0.010204922407865524,13.385125160217285,0.08043049275875092,-0.028620319440960884,0.01615319214761257,-0.01341703999787569
38141952,0.18119068443775177,-25.407590866088867,-0.022804442793130875,0.06392844021320343,-0.05070590600371361,0.7333908677101135,0.2532152235507965,0.0067197722382843494,0.0121809933334589,8.513374328613281,0.07224463671445847,0.012779624201357365,0.031197017058730125,-0.01893841102719307
38993920,0.01717408187687397,-44.280555725097656,-0.02651270292699337,0.008558356203138828,-0.03598407655954361,0.6721311211585999,0.3686290979385376,0.01266199816018343,0.00955145712941885,13.809523582458496,0.08036784082651138,-0.02935129962861538,0.016314245760440826,-0.01317890640348196
39845888,0.10373832285404205,-30.427831649780273,-0.028412746265530586,0.031186483800411224,-0.049400024116039276,0.7878504991531372,0.2898145318031311,0.005231825634837151,0.01016943994909525,7.460747718811035,0.06426942348480225,-0.01868082769215107,0.026118099689483643,-0.018114183098077774
40632320,0.02339622564613819,-42.18570327758789,-0.019004063680768013,0.010321853682398796,-0.030196936801075935,0.5622641444206238,0.24482044577598572,0.007284815888851881,0.010335730388760567,15.984150886535645,0.08325204253196716,-0.02196313440799713,0.017802758142352104,-0.012089060619473457
41418752,0.13703382015228271,-23.09712791442871,-0.02939392440021038,0.045244693756103516,-0.05097070336341858,0.7883781790733337,0.22090885043144226,0.0029625764582306147,0.005933583714067936,3.4293148517608643,0.06550817936658859,-0.005818524863570929,0.02901599369943142,-0.01951265148818493
42270720,0.031446538865566254,-42.55873489379883,-0.01853959448635578,0.014752009883522987,-0.03049113228917122,0.6053459048271179,0.31579577922821045,0.010987170040607452,0.010427609086036682,15.755502700805664,0.08204676955938339,-0.01779363304376602,0.017266148701310158,-0.011942367069423199
43057152,0.1666666567325592,-24.411333084106445,-0.02492941915988922,0.05819406360387802,-0.05164315178990364,0.7721630930900574,0.25272366404533386,0.002882712986320257,0.009162080474197865,6.196808338165283,0.06843491643667221,0.006349968258291483,0.02981707639992237,-0.019235538318753242
43909120,0.018691588193178177,-48.95492935180664,-0.024011164903640747,0.008478648960590363,-0.034725122153759,0.6752336025238037,0.34395021200180054,0.024093542248010635,0.012553027831017971,18.35747528076172,0.07736367732286453,-0.02797025442123413,0.015311059542000294,-0.013107440434396267
44695552,0.03513513505458832,-38.461727142333984,-0.03679519519209862,0.017957845702767372,-0.0552033968269825,0.8900901079177856,0.22283229231834412,0.008037748746573925,0.011386199854314327,7.57747745513916,0.054616205394268036,-0.03764194995164871,0.024773461744189262,-0.018362265080213547
45350912,0.07294317334890366,-30.908231735229492,-0.03696969151496887,0.01398408506065607,-0.05156399682164192,0.8464800715446472,0.28531426191329956,0.007472091820091009,0.004792541731148958,4.12044095993042,0.057411182671785355,-0.037579912692308426,0.019416568800807,-0.01850619725883007
46202880,0.09048067778348923,-42.05757522583008,-0.026851225644350052,0.0484444834291935,-0.034850265830755234,0.6060320138931274,0.4267030954360962,0.036721039563417435,0.01300205197185278,17.595664978027344,0.06723064929246902,0.012023372575640678,0.024174584075808525,-0.014421183615922928
46661632,0.07854984700679779,-35.96006393432617,-0.03790716454386711,0.014436292462050915,-0.049859002232551575,0.8534743189811707,0.1608622968196869,0.009672650136053562,0.015345180407166481,8.024924278259277,0.04854154959321022,-0.035422712564468384,0.022511858493089676,-0.018116509541869164
47316992,0.049225158989429474,-41.918697357177734,-0.03137565776705742,0.02457308955490589,-0.040554095059633255,0.7693710327148438,0.5089889168739319,0.04354757443070412,0.011397802270948887,12.03919792175293,0.05034241825342178,-0.01678319089114666,0.018991520628333092,-0.01519321370869875
48103424,0.10803323984146118,-33.76345443725586,-0.034447330981492996,0.01637493632733822,-0.04485076293349266,0.8051708340644836,0.20785662531852722,0.0313638336956501,0.011912152171134949,9.051708221435547,0.04600771889090538,-0.02876514568924904,0.025352928787469864,-0.016156503930687904
48889856,0.05544932931661606,-42.45570755004883,-0.031102605164051056,0.026284977793693542,-0.03547969460487366,0.7304015159606934,0.4377058446407318,0.042138151824474335,0.01708536595106125,13.761950492858887,0.06514535844326019,-0.009876679629087448,0.019506214186549187,-0.014604821801185608
49610752,0.01425356324762106,-53.05533981323242,-0.0346517413854599,0.006406350526958704,-0.0459110289812088,0.8012003302574158,0.3890303075313568,0.08234728127717972,0.016656583175063133,18.586647033691406,0.050081513822078705,-0.04059495031833649,0.02074705809354782,-0.015534895472228527
50593792,0.10368216782808304,-45.74040222167969,-0.027700504288077354,0.020143425092101097,-0.031289853155612946,0.6763566136360168,0.38236892223358154,0.05623379349708557,0.02375163324177265,20.627906799316406,0.06358308345079422,-0.011850563809275627,0.019909070804715157,-0.013392340391874313
51249152,0.012274368666112423,-57.657493591308594,-0.030208706855773926,0.005017782095819712,-0.041687365621328354,0.7487365007400513,0.37417328357696533,0.1074710562825203,0.0178390983492136,22.927799224853516,0.049175288528203964,-0.03811844438314438,0.019369738176465034,-0.014171148650348186
51904512,0.04628949239850044,-42.85236740112305,-0.03841995820403099,0.011693867854773998,-0.054868653416633606,0.9096252918243408,0.4120766222476959,0.05874494090676308,0.019695578143000603,10.515796661376953,0.0518081970512867,-0.04317478463053703,0.017718343064188957,-0.018328705802559853
52494336,0.011128775775432587,-39.40271759033203,-0.038784902542829514,0.005256894044578075,-0.04703650251030922,0.7702702879905701,0.5237916111946106,0.06445243954658508,0.007738838903605938,8.562003135681152,0.0590679906308651,-0.04270700365304947,0.016835281625390053,-0.017286594957113266
53215232,0.0732421875,-33.632293701171875,-0.03241420537233353,0.019476737827062607,-0.0534551739692688,0.9248046875,0.3333436846733093,0.15245696902275085,0.012525257654488087,6.6767578125,0.046334028244018555,-0.03397843614220619,0.02639099210500717,-0.017675161361694336
53608448,0.008612439967691898,-40.081809997558594,-0.03664914146065712,0.0036868962924927473,-0.05372688174247742,0.9377990365028381,0.46761390566825867,0.06145482882857323,0.011706358753144741,7.625837326049805,0.051500849425792694,-0.05003998428583145,0.01771237701177597,-0.01781335473060608
54394880,0.012275731191039085,-41.79067611694336,-0.038683030754327774,0.006392298266291618,-0.043016426265239716,0.7346553206443787,0.4625316262245178,0.08193209022283554,0.009846113622188568,11.534466743469238,0.05860646814107895,-0.03766284137964249,0.019476262852549553,-0.016437331214547157
54853632,0.09944237768650055,-30.724990844726562,-0.034306835383176804,0.01838991977274418,-0.048275962471961975,0.8559479713439941,0.275601863861084,0.06792336702346802,0.010049973614513874,5.462825298309326,0.04728304594755173,-0.029886042699217796,0.023999186232686043,-0.017253538593649864
55377920,0.0027497708797454834,-44.125614166259766,-0.03581433743238449,0.0012134711723774672,-0.04558904096484184,0.82034832239151,0.5314677953720093,0.027426134794950485,0.010416344739496708,11.462878227233887,0.05354175716638565,-0.045157723128795624,0.01672486774623394,-0.015830887481570244
56164352,0.012492192909121513,-39.99231719970703,-0.04304477572441101,0.005320676136761904,-0.05424933508038521,0.9063085913658142,0.4461457431316376,0.13927976787090302,0.00699474336579442,5.981261730194092,0.04689352959394455,-0.04924929141998291,0.020586034283041954,-0.018043797463178635
56819712,0.03611898049712181,-34.04423141479492,-0.0378250777721405,0.010081115178763866,-0.053266216069459915,0.9065155982971191,0.30962368845939636,0.05551433935761452,0.005268528591841459,3.7096316814422607,0.04960261657834053,-0.043185099959373474,0.018168378621339798,-0.01811838336288929
57409536,0.0449017770588398,-35.39712905883789,-0.03473905846476555,0.021616974845528603,-0.04183056578040123,0.7259120345115662,0.5105761289596558,0.07417544722557068,0.006709087640047073,7.9204864501953125,0.051069799810647964,-0.021161509677767754,0.020373249426484108,-0.01642594300210476
58130432,0.03818181902170181,-33.63083267211914,-0.04107159748673439,0.009446555748581886,-0.05540579557418823,0.9609090685844421,0.3259848356246948,0.2062925100326538,0.005327237769961357,2.947272777557373,0.044433873146772385,-0.0459592342376709,0.025085706263780594,-0.017778560519218445
58720256,0.0338028185069561,-33.9746208190918,-0.03318825364112854,0.011943894438445568,-0.0464446023106575,0.8375586867332458,0.3866274058818817,0.088320791721344,0.005469503812491894,5.942723274230957,0.07253197580575943,-0.03499523177742958,0.018768562003970146,-0.01628992147743702
59441152,0.017228465527296066,-39.69139099121094,-0.039912670850753784,0.00603007897734642,-0.048857059329748154,0.8921348452568054,0.486234188079834,0.2061302661895752,0.006110505200922489,6.656929016113281,0.05652352795004845,-0.04327142983675003,0.021663319319486618,-0.016412291675806046
60096512,0.05128204822540283,-26.063678741455078,-0.027270209044218063,0.007985161617398262,-0.05060082674026489,0.9031338691711426,0.260647177696228,0.09233676642179489,0.0024102802854031324,2.0322885513305664,0.06455951184034348,-0.04261566698551178,0.020420458167791367,-0.017187627032399178
61014016,0.010721247643232346,-40.726715087890625,-0.03366408869624138,0.004799589980393648,-0.038863468915224075,0.7660818696022034,0.5137330293655396,0.10902927070856094,0.0072541022673249245,10.259259223937988,0.06763435900211334,-0.03496706113219261,0.01807045005261898,-0.014694151468575
61472768,0.03849303722381592,-32.92597198486328,-0.04230804741382599,0.007370409090071917,-0.05170534923672676,0.9508599638938904,0.33486464619636536,0.2247001975774765,0.0030679621268063784,1.7256346940994263,0.05163253843784332,-0.04433494433760643,0.023282665759325027,-0.01686357893049717
62259200,0.03550863638520241,-30.900745391845703,-0.0300005991011858,0.017400089651346207,-0.04009375348687172,0.8051823377609253,0.4345434904098511,0.09043165296316147,0.0031349845230579376,4.260076522827148,0.07579115778207779,-0.023250283673405647,0.02015925943851471,-0.014772842638194561
62717952,0.013071895577013493,-37.5720100402832,-0.04185673967003822,0.004122164100408554,-0.04610995948314667,0.8001867532730103,0.451901912689209,0.25414228439331055,0.004604735877364874,4.915966510772705,0.04653708636760712,-0.043226514011621475,0.022537171840667725,-0.01517938170582056
63569920,0.02604651264846325,-28.404294967651367,-0.02820594795048237,0.005880123935639858,-0.046032339334487915,0.8818604946136475,0.3203040361404419,0.11094501614570618,0.003238555509597063,2.4837210178375244,0.0719251036643982,-0.04042508080601692,0.020216766744852066,-0.015600933693349361
64356352,0.012649799697101116,-39.815425872802734,-0.03835145756602287,0.005290597677230835,-0.04312538355588913,0.797603189945221,0.47334223985671997,0.22926238179206848,0.0060402085073292255,7.279626846313477,0.053996168076992035,-0.03891335055232048,0.02031763270497322,-0.014911992475390434
65011712,0.028917910531163216,-27.1690673828125,-0.02419220842421055,0.005523504689335823,-0.05104740336537361,0.9449626803398132,0.19291064143180847,0.048140790313482285,0.0029677296988666058,1.9533581733703613,0.09711934626102448,-0.04552389681339264,0.020188601687550545,-0.01635660231113434
65994752,0.006421482656151056,-38.534481048583984,-0.04364175722002983,0.002643040381371975,-0.04998406022787094,0.8925861120223999,0.4321018159389496,0.1776786744594574,0.004531166981905699,4.549912452697754,0.06610501557588577,-0.047878094017505646,0.020611388608813286,-0.0166406761854887
66650112,0.032643310725688934,-26.429828643798828,-0.023676617071032524,0.00687754712998867,-0.053906168788671494,0.9402866363525391,0.21501505374908447,0.046152785420417786,0.0022072887513786554,1.589968204498291,0.08238577097654343,-0.04702862352132797,0.02002633363008499,-0.017693383619189262
67239936,0.007804878056049347,-36.89787292480469,-0.03543543070554733,0.0034103034995496273,-0.046554163098335266,0.8380487561225891,0.5505177974700928,0.037680644541978836,0.004294910933822393,5.193170547485352,0.07739753276109695,-0.04391784593462944,0.015940740704536438,-0.016073938459157944
67960832,0.017503805458545685,-32.99403762817383,-0.039947520941495895,0.005326585378497839,-0.05757202208042145,0.9824962019920349,0.29153114557266235,0.2142760157585144,0.002642712788656354,1.3523591756820679,0.04129284992814064,-0.05224543809890747,0.023431286215782166,-0.018203958868980408
68485120,0.02992277964949608,-27.33485221862793,-0.03148512542247772,0.0032047934364527464,-0.047456078231334686,0.8368725776672363,0.36436182260513306,0.07425384223461151,0.002790010068565607,2.4073357582092285,0.07058797031641006,-0.04463738575577736,0.01942475512623787,-0.017115484923124313
69271552,0.01124385092407465,-36.80836486816406,-0.04489324614405632,0.005130354780703783,-0.05177435651421547,0.9156711101531982,0.4650261104106903,0.20938387513160706,0.003059477312490344,2.6205201148986816,0.04844602197408676,-0.04696257412433624,0.021356798708438873,-0.017314886674284935
70516736,0.05310345068573952,-30.73276138305664,-0.020825108513236046,0.024238036945462227,-0.023895464837551117,0.5462068915367126,0.5442756414413452,0.27686807513237,0.007289573550224304,8.98758602142334,0.05597282946109772,-0.0019746681209653616,0.02201002649962902,-0.009934445843100548
71368704,0.0234375,-32.23039245605469,-0.04063702002167702,0.006123023107647896,-0.05175061523914337,0.9462890625,0.3931763172149658,0.3171377182006836,0.0030342915561050177,1.7265625,0.04287169873714447,-0.045627593994140625,0.0258132703602314,-0.017006587237119675
72155136,0.033707864582538605,-33.055477142333984,-0.01982295513153076,0.01666206307709217,-0.020024310797452927,0.4814174771308899,0.6185559034347534,0.30409565567970276,0.006639331579208374,10.262748718261719,0.0491797961294651,-0.006393075920641422,0.01896362192928791,-0.008690906688570976
72876032,0.008703219704329967,-33.09956359863281,-0.03824883699417114,0.002741847652941942,-0.05709831416606903,0.9904264211654663,0.32097411155700684,0.27951207756996155,0.0026681835297495127,1.391644835472107,0.03612364083528519,-0.054356466978788376,0.023217251524329185,-0.017973316833376884
73596928,0.0427272729575634,-25.61880874633789,-0.03251984342932701,0.016586195677518845,-0.044624730944633484,0.7881818413734436,0.43376877903938293,0.1477779597043991,0.003462431253865361,2.6663637161254883,0.07023311406373978,-0.02865065447986126,0.023610610514879227,-0.016753630712628365
74186752,0.00505902199074626,-38.576412200927734,-0.04358813911676407,0.001971262041479349,-0.04523735120892525,0.8001686334609985,0.47786852717399597,0.31516340374946594,0.003353876294568181,4.068296909332275,0.04164675623178482,-0.04451397806406021,0.021246451884508133,-0.015098812989890575
75038720,0.030136985704302788,-26.34410285949707,-0.026867032051086426,0.00610825652256608,-0.04528884217143059,0.8255707621574402,0.3462660312652588,0.1644786298274994,0.005623598117381334,3.522374391555786,0.06656291335821152,-0.039661556482315063,0.02206125482916832,-0.016172703355550766
75825152,0.008733624592423439,-38.36050033569336,-0.039508234709501266,0.002710128203034401,-0.04545166715979576,0.8116032481193542,0.5021424889564514,0.2480117678642273,0.0038124164566397667,5.139113903045654,0.042108792811632156,-0.04386859014630318,0.01966545358300209,-0.015270518139004707
76742656,0.054832711815834045,-25.81170082092285,-0.021396880969405174,0.008203518576920033,-0.04234495013952255,0.8197025656700134,0.34681808948516846,0.19112835824489594,0.007445839699357748,5.157063007354736,0.07057268917560577,-0.03451937437057495,0.021900184452533722,-0.01552567444741726
77463552,0.0014306152006611228,-42.49557113647461,-0.04334495589137077,0.00044011001591570675,-0.042875565588474274,0.7546495199203491,0.5115171670913696,0.3006335198879242,0.005192358512431383,7.20386266708374,0.04123550280928612,-0.04399482160806656,0.019799433648586273,-0.014555403031408787
78184448,0.040515653789043427,-24.1833438873291,-0.019878724589943886,0.006746429018676281,-0.050913646817207336,0.9162063002586365,0.2645869851112366,0.12010308355093002,0.002965452615171671,1.8186004161834717,0.07286189496517181,-0.04416722059249878,0.02082061395049095,-0.017052508890628815
79101952,0.0074673304334282875,-35.61886978149414,-0.04421016201376915,0.003003945341333747,-0.043161191046237946,0.7840697169303894,0.47449514269828796,0.2756304144859314,0.002922003623098135,2.8817672729492188,0.04985576495528221,-0.04129394143819809,0.021045636385679245,-0.015247677452862263
79888384,0.0260869562625885,-23.49677276611328,-0.02425936423242092,0.005471766460686922,-0.04991514980792999,0.8995168805122375,0.25569552183151245,0.11790777742862701,0.0009118302259594202,0.6280193328857422,0.07179608196020126,-0.04444338381290436,0.022586598992347717,-0.01757819764316082
80740352,0.012171684764325619,-34.77238845825195,-0.04156952723860741,0.005583594553172588,-0.04184849560260773,0.7418321967124939,0.5094038248062134,0.30727022886276245,0.0032148684840649366,2.930172920227051,0.043472446501255035,-0.037815190851688385,0.021517466753721237,-0.014502394013106823
81461248,0.05876777321100235,-20.715518951416016,-0.02068944461643696,0.00938002672046423,-0.0496830940246582,0.8672985434532166,0.2505069077014923,0.1033082976937294,0.0011973376385867596,0.8047393560409546,0.05667908117175102,-0.0403030663728714,0.022243376821279526,-0.017482228577136993
81985536,0.012609117664396763,-32.04520797729492,-0.03250453621149063,0.003555453149601817,-0.03604670241475105,0.6382153630256653,0.6495457291603088,0.18360964953899384,0.00303463963791728,4.773036003112793,0.058850985020399094,-0.03459923341870308,0.017809905111789703,-0.013436432927846909
82706432,0.00917431153357029,-31.97437858581543,-0.03904452547430992,0.0024085589684545994,-0.05655418336391449,0.9908257126808167,0.31904304027557373,0.2862512767314911,0.0019229808822274208,1.0008339881896973,0.029636595398187637,-0.05414562299847603,0.024751534685492516,-0.017789985984563828
83361792,0.018216682597994804,-26.950057983398438,-0.030395375564694405,0.0031561010982841253,-0.04450004920363426,0.8111217617988586,0.415487140417099,0.131203293800354,0.002625072142109275,2.142857074737549,0.07038260996341705,-0.04191282019019127,0.02022848278284073,-0.01632753014564514
84017152,0.0033444815780967474,-37.03288269042969,-0.04426567628979683,0.0013088267296552658,-0.04613731801509857,0.8102006912231445,0.48183855414390564,0.30374661087989807,0.0031109857372939587,3.466555118560791,0.03832739591598511,-0.045921023935079575,0.021767858415842056,-0.015698939561843872
84869120,0.04624277353286743,-19.787342071533203,-0.024004394188523293,0.011580380611121655,-0.041816242039203644,0.7822735905647278,0.36607468128204346,0.20387791097164154,0.0019329393981024623,1.2813102006912231,0.060655441135168076,-0.030897386372089386,0.024946166202425957,-0.0151061424985528
85655552,0.0012376237427815795,-38.53105926513672,-0.04134441167116165,0.00035846774699166417,-0.04597526788711548,0.8347772359848022,0.537750244140625,0.26021477580070496,0.003872230416163802,4.426980018615723,0.04201660305261612,-0.04663990065455437,0.019627857953310013,-0.015250935219228268
86376448,0.2716049253940582,-8.690690994262695,-0.01889449916779995,0.03716045990586281,-0.03757932409644127,0.664767324924469,0.2570822834968567,0.10317613929510117,0.0022471973206847906,1.3808166980743408,0.05569648742675781,-0.0004188573802821338,0.021733757108449936,-0.016939911991357803
86900736,0.0027624310459941626,-33.206642150878906,-0.0326400063931942,0.0009534342680126429,-0.03961041942238808,0.7062615156173706,0.6566612124443054,0.19588884711265564,0.003780381754040718,4.646409034729004,0.05537191405892372,-0.04042493551969528,0.01758711040019989,-0.013778036460280418
87621632,0.1582222282886505,-24.544626235961914,-0.040133070200681686,0.02078743651509285,-0.04730604588985443,0.8408889174461365,0.3462570011615753,0.32376179099082947,0.003287005238234997,1.6657778024673462,0.02582453191280365,-0.026518607512116432,0.024204257875680923,-0.017391502857208252
88539136,0.035820893943309784,-33.45585250854492,-0.027804240584373474,0.011724799871444702,-0.03041752427816391,0.6067163944244385,0.5365720391273499,0.2589423656463623,0.005537570454180241,7.788805961608887,0.05928055942058563,-0.0206379983574152,0.02033540979027748,-0.012471993453800678
89260032,0.06666667014360428,-28.945655822753906,-0.03656156361103058,0.009766928851604462,-0.052978843450546265,0.9333333373069763,0.33509397506713867,0.31389763951301575,0.002982149366289377,1.5473684072494507,0.024462036788463593,-0.0432119145989418,0.023710280656814575,-0.017740119248628616
89915392,0.03969022259116173,-24.63213539123535,-0.03141038119792938,0.011262942105531693,-0.04545291140675545,0.8063891530036926,0.48449116945266724,0.1806647926568985,0.0019596971105784178,1.638915777206421,0.04718809947371483,-0.0347449854016304,0.022924039512872696,-0.016438981518149376
90570752,0.0,-38.618446350097656,-0.04345257580280304,0.0,-0.04419935122132301,0.8020756244659424,0.5091927647590637,0.3475198745727539,0.003585187019780278,4.684210777282715,0.032519008964300156,-0.045400239527225494,0.0211617611348629,-0.014904712326824665
91291648,0.13301435112953186,-17.010169982910156,-0.0164639912545681,0.019591698423027992,-0.046299006789922714,0.8248803615570068,0.23842613399028778,0.13590013980865479,0.001535037998110056,1.3148325681686401,0.03933729603886604,-0.026707308366894722,0.021825237199664116,-0.017314929515123367
92078080,0.013592232950031757,-30.764354705810547,-0.03270295634865761,0.004745948128402233,-0.03759961202740669,0.6951456665992737,0.6412603855133057,0.2621673345565796,0.0035028711427003145,4.95339822769165,0.056675706058740616,-0.03452356532216072,0.020427295938134193,-0.013780470006167889
92536832,0.0781395360827446,-27.886083602905273,-0.0408339761197567,0.011652026325464249,-0.05150002986192703,0.9218604564666748,0.38246697187423706,0.3584713935852051,0.0012994784628972411,0.6883721351623535,0.024066658690571785,-0.039848003536462784,0.025666048750281334,-0.017293529585003853
93388800,0.021967526525259018,-28.573078155517578,-0.030978497117757797,0.006270094309002161,-0.042390599846839905,0.8462272882461548,0.5466307401657104,0.2380256950855255,0.003029412589967251,2.9617955684661865,0.05285574495792389,-0.03660442680120468,0.021845437586307526,-0.014882323332130909
93847552,0.0008438818622380495,-35.45661926269531,-0.04387141019105911,8.882967085810378e-05,-0.04221650958061218,0.7248945236206055,0.5157583951950073,0.408408522605896,0.002182658761739731,3.2084388732910156,0.03613552078604698,-0.04395046457648277,0.021220728754997253,-0.014214280061423779
94502912,0.02642444334924221,-23.01117515563965,-0.019539661705493927,0.006098276469856501,-0.05617159977555275,0.9430223107337952,0.2345443069934845,0.08913849294185638,0.00041512781172059476,0.22295624017715454,0.0500694215297699,-0.05007331818342209,0.021664686501026154,-0.018276527523994446
95092736,0.010212766006588936,-27.761478424072266,-0.03517391160130501,0.0029641534201800823,-0.0438682846724987,0.7625531554222107,0.5588162541389465,0.16096553206443787,0.0011021080426871777,1.4578722715377808,0.060767125338315964,-0.04210129380226135,0.020162446424365044,-0.015560513362288475
95813632,0.06112469360232353,-27.752689361572266,-0.03857194632291794,0.008460802026093006,-0.05412457883358002,0.9388752579689026,0.30920523405075073,0.3049318194389343,0.0008536837412975729,0.44335776567459106,0.02451033517718315,-0.045663777738809586,0.025696609169244766,-0.017794623970985413
96665600,0.02570921927690506,-25.0198917388916,-0.02685529552400112,0.005721076857298613,-0.045094747096300125,0.8404254913330078,0.4246255159378052,0.15119560062885284,0.0009968961821869016,1.051418423652649,0.06923188269138336,-0.03995877504348755,0.021884219720959663,-0.015715690329670906
97189888,0.0009727626456879079,-33.9694709777832,-0.047943364828825,9.926149505190551e-05,-0.04475564509630203,0.7791828513145447,0.48006296157836914,0.3954024910926819,0.0010792333632707596,1.3939688205718994,0.03325037285685539,-0.046109046787023544,0.024100087583065033,-0.014931630343198776
97779712,0.05338417738676071,-19.95633316040039,-0.015885159373283386,0.00828058272600174,-0.05357581377029419,0.9342231154441833,0.21323725581169128,0.09039925038814545,0.0008634916739538312,0.49475690722465515,0.067175954580307,-0.04529523104429245,0.023319706320762634,-0.017526431009173393
98369536,0.005489478353410959,-28.789438247680664,-0.034114379435777664,0.0024013554211705923,-0.04126635566353798,0.726440966129303,0.5672712326049805,0.14132684469223022,0.0021635210141539574,2.15004563331604,0.06513550877571106,-0.04037155210971832,0.01951044239103794,-0.014627271331846714
99090432,0.032148897647857666,-30.221670150756836,-0.04269842058420181,0.006493948865681887,-0.054646775126457214,0.9661590456962585,0.3500387668609619,0.3435623049736023,0.0005975323147140443,0.3037225008010864,0.023936962708830833,-0.048152826726436615,0.02701481059193611,-0.01752203330397606
99680256,0.024975983425974846,-24.566871643066406,-0.025767656043171883,0.004565823823213577,-0.04908392205834389,0.8731988072395325,0.3348451852798462,0.11203952878713608,0.0007902199868112803,0.7358309030532837,0.09065431356430054,-0.0449407659471035,0.02069593407213688,-0.01642875373363495
100401152,0.0066176471300423145,-36.47811508178711,-0.04710005223751068,0.003244978841394186,-0.05051320046186447,0.8779411911964417,0.4907894432544708,0.28544795513153076,0.0019666568841785192,2.4330883026123047,0.041989799588918686,-0.04799371585249901,0.022649550810456276,-0.016648834571242332
101122048,0.041932541877031326,-23.707651138305664,-0.026005446910858154,0.007948699407279491,-0.05152853578329086,0.9170464873313904,0.2974579334259033,0.13578911125659943,0.0005577900446951389,0.33363717794418335,0.06731482595205307,-0.0435798317193985,0.02308914251625538,-0.017248520627617836
102039552,0.004499437753111124,-33.95747756958008,-0.04220740869641304,0.0017443150281906128,-0.04673990234732628,0.8172103762626648,0.5165265202522278,0.2580837905406952,0.0017935445066541433,2.1068618297576904,0.04740316793322563,-0.04604920744895935,0.02116628922522068,-0.01579609513282776
102760448,0.03139427676796913,-22.37685203552246,-0.01944871060550213,0.006541237235069275,-0.051742348819971085,0.9168975353240967,0.23772196471691132,0.09956207126379013,0.0010504089295864105,0.7940905094146729,0.07724859565496445,-0.04520110785961151,0.023025792092084885,-0.017258429899811745
103677952,0.0017482517287135124,-33.818294525146484,-0.042597461491823196,0.0007837594603188336,-0.04704231396317482,0.8444055914878845,0.5260744094848633,0.2687802314758301,0.0020088173914700747,1.8630536794662476,0.050733085721731186,-0.047206487506628036,0.021038180217146873,-0.015644455328583717
104398848,0.104347825050354,-17.10585594177246,-0.021103525534272194,0.016313347965478897,-0.04924031347036362,0.8367149829864502,0.2632293105125427,0.09468644857406616,0.000663498358335346,0.5352656841278076,0.04900519922375679,-0.03292696550488472,0.025261295959353447,-0.017730051651597023
105316352,0.0044843051582574844,-34.88788986206055,-0.04104798287153244,0.002143531572073698,-0.04564211145043373,0.8262332081794739,0.528842568397522,0.28030046820640564,0.0029345096554607153,3.5554933547973633,0.043135158717632294,-0.044559866189956665,0.021927116438746452,-0.015267767012119293
106299392,0.15602189302444458,-13.141661643981934,-0.0224043820053339,0.022843513637781143,-0.03946470096707344,0.7235401272773743,0.3940071165561676,0.17206893861293793,0.0012478010030463338,1.3029197454452515,0.05201410502195358,-0.017144298180937767,0.026016151532530785,-0.0153958173468709
106954752,0.001498127356171608,-32.04041290283203,-0.04059767350554466,0.0004987549036741257,-0.03788900375366211,0.6576778888702393,0.5245551466941833,0.3726438283920288,0.0022669960744678974,2.7707865238189697,0.03630805388092995,-0.0395825058221817,0.022373326122760773,-0.013395549729466438
107610112,0.021235520020127296,-24.98102378845215,-0.025854336097836494,0.003955984953790903,-0.052671998739242554,0.933397650718689,0.2681618928909302,0.1373969167470932,0.0009514159755781293,0.5501930117607117,0.06328578293323517,-0.04871600866317749,0.023415425792336464,-0.017300032079219818
108593152,0.005540166050195694,-33.56948471069336,-0.04459165409207344,0.0016797981224954128,-0.04761974513530731,0.8504155278205872,0.5095471143722534,0.25171321630477905,0.0019181499956175685,1.7152354717254639,0.05168310925364494,-0.04677096754312515,0.021907009184360504,-0.01595948077738285
109248512,0.015828678384423256,-25.27216339111328,-0.026524243876338005,0.003229789435863495,-0.05289784073829651,0.9376164078712463,0.253307044506073,0.11359918862581253,0.00040773817454464734,0.24581006169319153,0.0735197588801384,-0.049668047577142715,0.02288804017007351,-0.017383268103003502
110231552,0.002199010457843542,-35.12643051147461,-0.04576655104756355,0.0004858197062276304,-0.04882896691560745,0.8620120882987976,0.5266581773757935,0.245032399892807,0.0025502494536340237,2.035184144973755,0.049242664128541946,-0.049109138548374176,0.02130693569779396,-0.01625051535665989
111083520,0.027001863345503807,-22.963056564331055,-0.024765443056821823,0.006262192502617836,-0.04456087201833725,0.8258845806121826,0.38009291887283325,0.15592722594738007,0.0009646674734540284,0.9189944267272949,0.059056203812360764,-0.03884492442011833,0.022630030289292336,-0.015626221895217896
111869952,0.010825439356267452,-32.90964126586914,-0.040690965950489044,0.003608948551118374,-0.043632872402668,0.7699593901634216,0.5061475038528442,0.2802298069000244,0.0022555089090019464,1.9025709629058838,0.03374488279223442,-0.04137710481882095,0.021505873650312424,-0.014943307265639305
112721920,0.02511627972126007,-20.59270668029785,-0.027835508808493614,0.007738449610769749,-0.043656107038259506,0.7581395506858826,0.3984217345714569,0.1742938756942749,0.001456509344279766,1.0772093534469604,0.04084375128149986,-0.03674246370792389,0.02487855777144432,-0.01614498160779476
113508352,0.004936917219310999,-35.871768951416016,-0.04199903458356857,0.0016760374419391155,-0.04613238200545311,0.7893582582473755,0.5131167769432068,0.306890606880188,0.003275717608630657,3.1952826976776123,0.03164271265268326,-0.04569239914417267,0.02024891972541809,-0.015690593048930168
114688000,0.04265402629971504,-26.024526596069336,-0.02754342555999756,0.013050833716988564,-0.03906771540641785,0.8597156405448914,0.48182255029678345,0.33344998955726624,0.0018336797365918756,1.3440757989883423,0.04061202332377434,-0.026301246136426926,0.022787591442465782,-0.01369639951735735
115146752,0.0007867820677347481,-33.86379623413086,-0.0408036932349205,9.394412336405367e-05,-0.038941890001297,0.6758458018302917,0.5243489742279053,0.41570013761520386,0.002280008979141712,1.994492530822754,0.026673046872019768,-0.04099323973059654,0.02074437402188778,-0.01331584807485342
116260864,0.029551954939961433,-30.57062530517578,-0.03344244137406349,0.009140820242464542,-0.04308248311281204,0.858913242816925,0.4770568311214447,0.3326082229614258,0.002352511277422309,1.7530982494354248,0.04022952914237976,-0.034259431064128876,0.021794108673930168,-0.01501744706183672
116785152,0.0,-38.553184509277344,-0.04279825836420059,0.0,-0.04010804370045662,0.7433116436004639,0.5426977276802063,0.43568846583366394,0.003093717386946082,2.994938611984253,0.02978411875665188,-0.04180483520030975,0.019516270607709885,-0.013372019864618778
117899264,0.059659093618392944,-24.115985870361328,-0.02758145146071911,0.02191821113228798,-0.0463116280734539,0.8276515603065491,0.44183194637298584,0.21908900141716003,0.002438979223370552,1.6609848737716675,0.03502117842435837,-0.02481008507311344,0.024496806785464287,-0.01641308143734932
118423552,0.0,-35.78055191040039,-0.04118368402123451,0.0,-0.03722785785794258,0.6622746586799622,0.5496231317520142,0.39534682035446167,0.0031387852504849434,3.3557560443878174,0.027161704376339912,-0.039465490728616714,0.020295754075050354,-0.012849393300712109
119406592,0.04115996137261391,-23.5530948638916,-0.025642534717917442,0.01546535175293684,-0.04924852401018143,0.8493919372558594,0.4088965952396393,0.1633395403623581,0.0034156600013375282,2.115060806274414,0.037192247807979584,-0.034232188016176224,0.02450910583138466,-0.016557328402996063
120061952,0.0018975331913679838,-35.56911849975586,-0.040451835840940475,0.0004869825206696987,-0.0399504117667675,0.7103099226951599,0.5204038619995117,0.3207017779350281,0.0036658956669270992,3.804553985595703,0.03149479255080223,-0.04129771143198013,0.020650777965784073,-0.013821952976286411
121241600,0.03199268877506256,-23.913406372070312,-0.027244310826063156,0.00922482181340456,-0.0407199002802372,0.8025594353675842,0.4777837097644806,0.1888655722141266,0.002399963326752186,2.4488117694854736,0.04558214917778969,-0.03207399323582649,0.024977941066026688,-0.014588919468224049
121700352,0.0030372056644409895,-38.982398986816406,-0.042896516621112823,0.001254139351658523,-0.03939805179834366,0.6955201029777527,0.5188460946083069,0.3071310818195343,0.004885180853307247,5.324980735778809,0.028539275750517845,-0.04012821987271309,0.020477185025811195,-0.013587276451289654
122355712,0.017513133585453033,-25.389249801635742,-0.028829019516706467,0.003993217367678881,-0.05436715856194496,0.9229421615600586,0.32559216022491455,0.09402275085449219,0.0008252079132944345,0.465849369764328,0.043249331414699554,-0.05037394165992737,0.02308320440351963,-0.018211647868156433
122945536,0.012809564359486103,-34.65993881225586,-0.034958358854055405,0.0056613534688949585,-0.043837592005729675,0.7796754837036133,0.6054775714874268,0.13349588215351105,0.0052645583637058735,5.357813835144043,0.05103222653269768,-0.039314866065979004,0.018297305330634117,-0.015276194550096989
123666432,0.006456819828599691,-33.933067321777344,-0.04444502666592598,0.001674541155807674,-0.05683794617652893,0.9935431480407715,0.340252548456192,0.26528939604759216,0.0021811386104673147,1.1589992046356201,0.026194389909505844,-0.05516340956091881,0.025415021926164627,-0.017719633877277374
124321792,0.019658120349049568,-27.965587615966797,-0.03229747712612152,0.006714558694511652,-0.04965995252132416,0.8666666746139526,0.3834596276283264,0.09632589668035507,0.0017965559381991625,1.2897435426712036,0.07943805307149887,-0.04333285614848137,0.020146101713180542,-0.017199000343680382
124977152,0.0037965071387588978,-35.4748649597168,-0.046304602175951004,0.0013899721670895815,-0.050024379044771194,0.8800303339958191,0.47974687814712524,0.28139206767082214,0.00293438951484859,2.008352279663086,0.03783098980784416,-0.049327898770570755,0.02341802604496479,-0.01640007272362709
125829120,0.03632887080311775,-21.83551025390625,-0.024300869554281235,0.009582378901541233,-0.04594827815890312,0.8346080183982849,0.3101132810115814,0.12957482039928436,0.0012664861278608441,0.944550633430481,0.0653100311756134,-0.036659080535173416,0.024469664320349693,-0.016202615574002266
126615552,0.005924170836806297,-37.53098678588867,-0.04317362606525421,0.0026976095978170633,-0.04551127925515175,0.7991706728935242,0.5183408856391907,0.23873110115528107,0.00431588152423501,4.103080749511719,0.03748958185315132,-0.04404984787106514,0.020233280956745148,-0.015339724719524384
127336448,0.014354066923260689,-27.007652282714844,-0.028568606823682785,0.003954666666686535,-0.05229717493057251,0.9224880337715149,0.2778330445289612,0.07796298712491989,0.002354268217459321,1.3770334720611572,0.05370042100548744,-0.0483425036072731,0.021829772740602493,-0.017627524212002754
128253952,0.007825600914657116,-35.21160125732422,-0.043257251381874084,0.003781310049816966,-0.045894794166088104,0.8278367519378662,0.4852142632007599,0.20144027471542358,0.0030871592462062836,2.8652877807617188,0.03868742287158966,-0.04308609291911125,0.02164379507303238,-0.015528538264334202
128974848,0.020335987210273743,-28.673534393310547,-0.03171726316213608,0.0061088018119335175,-0.053168874233961105,0.9345712065696716,0.2816554009914398,0.08992259949445724,0.002730623120442033,1.4995579719543457,0.0662950724363327,-0.047060076147317886,0.021586855873465538,-0.017741747200489044
129892352,0.00219058059155941,-37.08283996582031,-0.044186629354953766,0.0010657424572855234,-0.047452110797166824,0.8335159420967102,0.5345655679702759,0.2014351785182953,0.003973206505179405,3.623220205307007,0.04252929612994194,-0.047353874891996384,0.02044464275240898,-0.01581798680126667
130613248,0.017316017299890518,-29.55744743347168,-0.031228115782141685,0.004339100793004036,-0.05226859450340271,0.9437229633331299,0.26734814047813416,0.08556564152240753,0.0030665320809930563,1.8242424726486206,0.08509330451488495,-0.04792949557304382,0.0210553128272295,-0.01732547953724861
131530752,0.013414634391665459,-34.573394775390625,-0.04124332591891289,0.006255858112126589,-0.04748819023370743,0.8804877996444702,0.4998970627784729,0.22817710041999817,0.003450829768553376,2.6786584854125977,0.0470925010740757,-0.04184615612030029,0.022315476089715958,-0.015744835138320923
132382720,0.06604651361703873,-21.52179527282715,-0.02299623191356659,0.013507293537259102,-0.04304548725485802,0.7953488826751709,0.3265315592288971,0.13763000071048737,0.004705104511231184,3.127441883087158,0.0699540376663208,-0.029953699558973312,0.0248769149184227,-0.015759451314806938
133169152,0.008074534125626087,-38.24627685546875,-0.041339438408613205,0.003513071918860078,-0.04669651761651039,0.8322980999946594,0.5263304710388184,0.23571255803108215,0.0044425674714148045,4.604969024658203,0.03854898735880852,-0.04421450197696686,0.02042241021990776,-0.015491281636059284
134152192,0.05319149047136307,-24.746187210083008,-0.026382310315966606,0.014526783488690853,-0.04226731136441231,0.8191489577293396,0.41822072863578796,0.15474343299865723,0.005495182704180479,4.212766170501709,0.05881047621369362,-0.028146719560027122,0.025007477030158043,-0.015210011973977089
134807552,0.0043196543119847775,-43.203651428222656,-0.041629303246736526,0.0016352309612557292,-0.03994183614850044,0.7012239098548889,0.5159995555877686,0.26712730526924133,0.006236244458705187,8.526997566223145,0.03416098281741142,-0.040212053805589676,0.020324895158410072,-0.013845296576619148
135462912,0.02757352963089943,-28.471290588378906,-0.023433689028024673,0.006750816944986582,-0.05462438985705376,0.9375,0.262673556804657,0.06272735446691513,0.005997153930366039,3.2352941036224365,0.05378170683979988,-0.04787357524037361,0.020287230610847473,-0.017951738089323044
136052736,0.0027075812686234713,-40.75001907348633,-0.036429937928915024,0.0015994092682376504,-0.04377072677016258,0.7942238450050354,0.6150552034378052,0.09272677451372147,0.007512551266700029,9.234657287597656,0.05911999195814133,-0.04323028400540352,0.017634324729442596,-0.015221633948385715
136773632,0.02560240775346756,-32.044498443603516,-0.03689458593726158,0.008092430420219898,-0.056166864931583405,0.9736445546150208,0.2962037920951843,0.21796070039272308,0.0038854493759572506,1.9600902795791626,0.023505015298724174,-0.04807443544268608,0.024702291935682297,-0.01789870113134384
137297920,0.017992425709962845,-27.390127182006836,-0.028066815808415413,0.004077307414263487,-0.05022153630852699,0.8693181872367859,0.3708493411540985,0.0915227010846138,0.004350228700786829,2.6505682468414307,0.08316238224506378,-0.04662402719259262,0.020946936681866646,-0.017042405903339386
138084352,0.002870263997465372,-38.592674255371094,-0.044090285897254944,0.0005871851462870836,-0.056365616619586945,0.9609643816947937,0.5120835900306702,0.18452394008636475,0.0047446140088140965,3.3691158294677734,0.0376860685646534,-0.055973608046770096,0.01970970816910267,-0.017978018149733543
138805248,0.07734303921461105,-24.393428802490234,-0.02213215082883835,0.014062010683119297,-0.04947846755385399,0.8698816895484924,0.27391305565834045,0.09345408529043198,0.005008534528315067,3.095541477203369,0.060419417917728424,-0.03541645407676697,0.020980138331651688,-0.017399264499545097
139329536,0.013487475924193859,-35.713768005371094,-0.03239314630627632,0.005990944337099791,-0.040492188185453415,0.7196531891822815,0.5523514151573181,0.19113874435424805,0.0058644735254347324,7.912331581115723,0.053190432488918304,-0.03599128872156143,0.018811514601111412,-0.014594662934541702
140050432,0.05410122126340866,-30.96002769470215,-0.03673657029867172,0.008812548592686653,-0.05418936535716057,0.9458987712860107,0.34129974246025085,0.23749424517154694,0.004555313847959042,2.3132636547088623,0.02059146575629711,-0.045376818627119064,0.023701515048742294,-0.01774272508919239
140771328,0.021698113530874252,-27.992469787597656,-0.03612043336033821,0.005561564117670059,-0.04733708128333092,0.8273584842681885,0.48762404918670654,0.1819618046283722,0.004333908669650555,3.309433937072754,0.041608814150094986,-0.04230382293462753,0.023510221391916275,-0.016547558829188347
141361152,0.0020964359864592552,-41.80515670776367,-0.03894089162349701,0.000512518803589046,-0.045004621148109436,0.8497554063796997,0.5132207274436951,0.3071322441101074,0.0052066524513065815,7.102725505828857,0.029691796749830246,-0.04547043889760971,0.020301058888435364,-0.014730721712112427
142540800,0.09589041024446487,-23.425153732299805,-0.02514689415693283,0.02723117172718048,-0.03629034012556076,0.7826483845710754,0.4748128652572632,0.2732388973236084,0.005406167358160019,4.653881072998047,0.03809870779514313,-0.00957667175680399,0.02677132375538349,-0.013427178375422955
142999552,0.0008169934735633433,-34.08515548706055,-0.03758462890982628,8.554905070923269e-05,-0.03885335847735405,0.6838235259056091,0.5311493873596191,0.33926963806152344,0.0025566890835762024,3.3537580966949463,0.028655020520091057,-0.04086476191878319,0.020974574610590935,-0.013572271913290024
143851520,0.029972752556204796,-21.476665496826172,-0.02684439718723297,0.007891261018812656,-0.04382796958088875,0.8001816868782043,0.4040405750274658,0.20667438209056854,0.005321422126144171,3.078110933303833,0.03918636590242386,-0.036614879965782166,0.026553627103567123,-0.01564030721783638
144637952,0.012673506513237953,-39.599483489990234,-0.039385803043842316,0.0068211364559829235,-0.04802985116839409,0.8298128843307495,0.5308442711830139,0.2589406669139862,0.005671872291713953,6.281834602355957,0.0324564091861248,-0.04221455007791519,0.020548246800899506,-0.015926333144307137
145489920,0.046210721135139465,-20.857481002807617,-0.02332932874560356,0.008792760781943798,-0.04564926400780678,0.8327171802520752,0.37862488627433777,0.19810476899147034,0.004105207044631243,2.5194084644317627,0.03654838353395462,-0.03733709082007408,0.025685889646410942,-0.015747329220175743
146276352,0.02107279561460018,-36.68572998046875,-0.037244461476802826,0.010950074531137943,-0.043723445385694504,0.7822477221488953,0.4997074007987976,0.26631301641464233,0.0051261065527796745,5.329501628875732,0.029410501942038536,-0.03400794416666031,0.022045036777853966,-0.014913692139089108
146931712,0.02278481051325798,-30.570032119750977,-0.027934594079852104,0.006883202586323023,-0.05596359819173813,0.9426160454750061,0.25992658734321594,0.06401852518320084,0.005691838916391134,3.2067511081695557,0.04489796236157417,-0.04908040165901184,0.01965244859457016,-0.01840299554169178
147521536,0.022084806114435196,-30.27304458618164,-0.03591553494334221,0.011433006264269352,-0.04397190734744072,0.768551230430603,0.599481999874115,0.15999865531921387,0.004963691346347332,4.147526741027832,0.0567857064306736,-0.03369319811463356,0.02125546894967556,-0.015498275868594646
148242432,0.01678445190191269,-31.932527542114258,-0.038670070469379425,0.004047243390232325,-0.056263696402311325,0.9832155704498291,0.3362865447998047,0.23561179637908936,0.0027484004385769367,1.3931095600128174,0.023690905421972275,-0.05221644788980484,0.025110013782978058,-0.017745815217494965
148766720,0.019305018708109856,-25.475749969482422,-0.030238941311836243,0.006767832674086094,-0.045931439846754074,0.8474903106689453,0.3874610960483551,0.12902972102165222,0.003761098487302661,2.25,0.08655674010515213,-0.039762064814567566,0.023234263062477112,-0.016092829406261444
149553152,0.010286553762853146,-37.04856872558594,-0.041676975786685944,0.004522187635302544,-0.049379922449588776,0.8971344232559204,0.4651872515678406,0.23170499503612518,0.004102334380149841,3.6326229572296143,0.03692314028739929,-0.04540145769715309,0.02222912572324276,-0.016229623928666115
150405120,0.06845513731241226,-20.487356185913086,-0.023093555122613907,0.011213277466595173,-0.04261743277311325,0.7937095165252686,0.33327025175094604,0.1485762894153595,0.004611642565578222,3.0064754486083984,0.05996755510568619,-0.031916022300720215,0.024968333542346954,-0.015533694066107273
151191552,0.001936733373440802,-43.07699966430664,-0.04167681559920311,0.00045997530105523765,-0.045824114233255386,0.8315041661262512,0.5208504796028137,0.2209639549255371,0.00667277118191123,8.244673728942871,0.0358828604221344,-0.04636693745851517,0.02014060690999031,-0.015329140238463879
151912448,0.019999999552965164,-31.219858169555664,-0.029244665056467056,0.007257426623255014,-0.05530504137277603,0.938095211982727,0.3352288007736206,0.08054638653993607,0.006954471580684185,3.5838093757629395,0.04836513474583626,-0.048047617077827454,0.019897781312465668,-0.01817130669951439
152436736,0.015734266489744186,-42.90138244628906,-0.03235531225800514,0.010035903193056583,-0.03947700560092926,0.6730769276618958,0.6057067513465881,0.1881011575460434,0.011043211445212364,13.0786714553833,0.04292050004005432,-0.031329214572906494,0.01806684583425522,-0.01420806348323822
153157632,0.025423727929592133,-32.17575454711914,-0.041392967104911804,0.003992579877376556,-0.05528499558568001,0.9745762348175049,0.35600173473358154,0.2782948613166809,0.0023152465000748634,1.204331398010254,0.020032403990626335,-0.05129241570830345,0.02520526759326458,-0.017564645037055016
154009600,0.017560074105858803,-29.393098831176758,-0.031802739948034286,0.006485926918685436,-0.04370410740375519,0.8299445509910583,0.4690988063812256,0.16456107795238495,0.004355970770120621,2.8780038356781006,0.060212332755327225,-0.037735745310783386,0.02066226303577423,-0.015366747044026852
154468352,0.0016038492321968079,-35.61897659301758,-0.03889590874314308,0.00018854990776162595,-0.04096401110291481,0.7209302186965942,0.4956502914428711,0.2935219407081604,0.003392756450921297,4.013632774353027,0.030759137123823166,-0.042619891464710236,0.02082345075905323,-0.013902121223509312
155320320,0.06317689269781113,-22.652406692504883,-0.02411206066608429,0.015828745439648628,-0.04427400976419449,0.7833935022354126,0.35421454906463623,0.17612646520137787,0.004211961291730404,2.619133472442627,0.04481516778469086,-0.029095089063048363,0.023531809449195862,-0.015655215829610825
156106752,0.01650540716946125,-37.2713623046875,-0.03971458971500397,0.00886945053935051,-0.04755024611949921,0.8298235535621643,0.5069990754127502,0.22613732516765594,0.004506953991949558,4.940807819366455,0.030611123889684677,-0.03962558135390282,0.02113977074623108,-0.015867076814174652
156762112,0.020370369777083397,-28.28169059753418,-0.027180703356862068,0.005515735130757093,-0.05439760535955429,0.9129629731178284,0.26380637288093567,0.09350406378507614,0.004186317790299654,2.2490739822387695,0.04122285172343254,-0.04888187348842621,0.02050229161977768,-0.01806783117353916
157351936,0.007419620640575886,-34.390380859375,-0.034964803606271744,0.0020457522477954626,-0.041910622268915176,0.7081615924835205,0.5773444771766663,0.19875627756118774,0.005374232307076454,5.743610858917236,0.045817434787750244,-0.04154665395617485,0.01786297932267189,-0.014924081973731518
158138368,0.008166968822479248,-34.034053802490234,-0.042664557695388794,0.002475098008289933,-0.05463806539773941,0.9836660623550415,0.3640528917312622,0.30018606781959534,0.002896919148042798,1.5707803964614868,0.02213301509618759,-0.05216296762228012,0.025171732529997826,-0.017252661287784576
158990336,0.020501138642430305,-31.080930709838867,-0.028896577656269073,0.007710980251431465,-0.028446586802601814,0.5254365801811218,0.5758170485496521,0.3214375972747803,0.004455707501620054,5.738040924072266,0.03844187781214714,-0.023337483406066895,0.01901707984507084,-0.011195275001227856
159711232,0.006737247109413147,-34.518226623535156,-0.043349262326955795,0.0026324528735131025,-0.05650254338979721,0.993262767791748,0.3594435453414917,0.291799396276474,0.0026482008397579193,1.4234840869903564,0.019955044612288475,-0.05387008935213089,0.024839896708726883,-0.017646299675107002
160628736,0.02364864945411682,-29.805587768554688,-0.02821202203631401,0.011130208149552345,-0.030180973932147026,0.5527027249336243,0.5825588703155518,0.29832038283348083,0.0044824425131082535,5.718243598937988,0.038171347230672836,-0.021505719050765038,0.019950568675994873,-0.01189777534455061
161349632,0.01197053398936987,-34.450599670410156,-0.04307059198617935,0.0046561709605157375,-0.05657869204878807,0.9880294799804688,0.3528648316860199,0.28431856632232666,0.00267712096683681,1.4401473999023438,0.019610121846199036,-0.0519225187599659,0.024366477504372597,-0.01776052825152874
162267136,0.009797517210245132,-29.20979881286621,-0.030025724321603775,0.003501008963212371,-0.035399433225393295,0.6198562979698181,0.5752596855163574,0.2558504641056061,0.003903796896338463,4.33964729309082,0.04045519232749939,-0.03404952213168144,0.01899208500981331,-0.012998935766518116
162988032,0.02767857164144516,-32.34225845336914,-0.03860744088888168,0.00758058438077569,-0.05570558086037636,0.9723214507102966,0.33072832226753235,0.2688376009464264,0.0033642423804849386,1.7535713911056519,0.019352037459611893,-0.048124998807907104,0.024662485346198082,-0.017766956239938736
163840000,0.034259259700775146,-27.105693817138672,-0.031666070222854614,0.01386924460530281,-0.042387619614601135,0.7916666269302368,0.49262794852256775,0.20920662581920624,0.0032444396056234837,3.0416665077209473,0.04148886725306511,-0.02925294078886509,0.02337741106748581,-0.015065077692270279
164298752,0.003169572213664651,-34.94142150878906,-0.040999703109264374,0.00037283849087543786,-0.04361295700073242,0.7369255423545837,0.5074557662010193,0.29091504216194153,0.0029975196812301874,3.405705451965332,0.028253495693206787,-0.04496224969625473,0.021056080237030983,-0.014601764269173145
164954112,0.03700277581810951,-25.402212142944336,-0.02711622044444084,0.010410437360405922,-0.05382085219025612,0.9074930548667908,0.27431604266166687,0.09008176624774933,0.0020248310174793005,1.2053654193878174,0.03661070391535759,-0.043410416692495346,0.022034965455532074,-0.01798417419195175
165543936,0.019199999049305916,-33.659400939941406,-0.035235483199357986,0.010779237374663353,-0.04230335354804993,0.7303999662399292,0.569351851940155,0.15973815321922302,0.005795019678771496,5.808000087738037,0.039554934948682785,-0.032980117946863174,0.020166881382465363,-0.015042156912386417
166330368,0.015553521923720837,-32.50441360473633,-0.04114411026239395,0.004471799824386835,-0.05402819812297821,0.9780420660972595,0.35786280035972595,0.2942916452884674,0.003033264772966504,1.706312894821167,0.019951479509472847,-0.04955640062689781,0.0260608047246933,-0.01719091087579727
167182336,0.026722924783825874,-28.29047966003418,-0.028382420539855957,0.008280766196548939,-0.03089999407529831,0.5654008388519287,0.5692684650421143,0.2020626813173294,0.004022697918117046,4.992264270782471,0.04493936896324158,-0.024996159598231316,0.020107803866267204,-0.012085424736142159
167968768,0.029712162911891937,-31.56916618347168,-0.041776351630687714,0.00848887674510479,-0.05312067270278931,0.9675022959709167,0.3908732831478119,0.3160548210144043,0.003085535718128085,1.7418755292892456,0.020161708816885948,-0.04463179409503937,0.027600185945630074,-0.016954127699136734
168820736,0.030075188726186752,-29.651386260986328,-0.025614332407712936,0.010486092418432236,-0.02757667563855648,0.5255638957023621,0.5877722501754761,0.2247447371482849,0.004801930394023657,6.669172763824463,0.03770393878221512,-0.019922664389014244,0.02071324735879898,-0.010771566070616245
169541632,0.053977273404598236,-30.0849552154541,-0.04222875088453293,0.009675187058746815,-0.05338917672634125,0.9460227489471436,0.36653703451156616,0.2943747937679291,0.0020624378230422735,1.066287875175476,0.019577153027057648,-0.04371399059891701,0.026414182037115097,-0.017496120184659958
170459136,0.024428684264421463,-29.24703025817871,-0.024820085614919662,0.008448278531432152,-0.02636418119072914,0.5610716938972473,0.5577968955039978,0.25150638818740845,0.0035742917098104954,5.283688068389893,0.044672053307294846,-0.020474348217248917,0.021622609347105026,-0.010573471896350384
171180032,0.011990407481789589,-31.584632873535156,-0.03683697432279587,0.003288036910817027,-0.05663978308439255,0.9880095720291138,0.3195028305053711,0.24694553017616272,0.0025607154238969088,1.2845723628997803,0.019468052312731743,-0.0533517450094223,0.02467270754277706,-0.01779261976480484
171835392,0.027027027681469917,-29.008216857910156,-0.0375596322119236,0.009820417501032352,-0.04941413179039955,0.8602050542831421,0.569961428642273,0.12423151731491089,0.0035063140094280243,2.2451071739196777,0.05418647453188896,-0.0399913527071476,0.021806659176945686,-0.017108144238591194
172490752,0.0007739937864243984,-42.28438186645508,-0.040396954864263535,0.0003159158513881266,-0.04666068032383919,0.8297213315963745,0.499878853559494,0.2804509103298187,0.006582936272025108,8.085139274597168,0.030197305604815483,-0.047412872314453125,0.020975103601813316,-0.015421802178025246
173277184,0.03632887080311775,-24.515928268432617,-0.027372626587748528,0.008170622400939465,-0.04965805262327194,0.8852772116661072,0.2800631523132324,0.12014017254114151,0.0026515584904700518,1.9531548023223877,0.03559967130422592,-0.0414874292910099,0.024313902482390404,-0.01751508004963398
174129152,0.008349389769136906,-31.74798583984375,-0.037457212805747986,0.0036457267124205828,-0.04241621866822243,0.8002569079399109,0.515951931476593,0.2793799340724945,0.0024125792551785707,2.372511386871338,0.03307510167360306,-0.039977945387363434,0.022691691294312477,-0.014290974475443363
175046656,0.0264357328414917,-22.655851364135742,-0.030208993703126907,0.009033405221998692,-0.046050868928432465,0.824065625667572,0.4345056414604187,0.19511547684669495,0.0019913928117603064,1.416590690612793,0.03713107481598854,-0.03763125464320183,0.025969060137867928,-0.015785278752446175
175767552,0.0019946808461099863,-37.05824279785156,-0.036570508033037186,0.0005919946124777198,-0.042222507297992706,0.7440159320831299,0.5447199940681458,0.27381008863449097,0.005143923684954643,6.059840202331543,0.030174728482961655,-0.043297179043293,0.02019977569580078,-0.014205845072865486
176685056,0.038425493985414505,-21.996112823486328,-0.02854062058031559,0.016086053103208542,-0.04304990544915199,0.8106841444969177,0.43776416778564453,0.19449275732040405,0.002693761605769396,2.267104148864746,0.04101091995835304,-0.0275011844933033,0.027466701343655586,-0.015282451175153255
177405952,0.004146509803831577,-34.88321304321289,-0.03639810159802437,0.0012876492692157626,-0.0432296097278595,0.7664132714271545,0.5355589985847473,0.26139014959335327,0.004218586254864931,4.402902603149414,0.03327672556042671,-0.04339323937892914,0.020594442263245583,-0.014634136110544205
178192384,0.021455222740769386,-26.32847785949707,-0.027312207967042923,0.005049307364970446,-0.05141832306981087,0.9235074520111084,0.34436315298080444,0.14904062449932098,0.0030700115021318197,2.068096876144409,0.03509252518415451,-0.04636901617050171,0.02366514876484871,-0.0174394641071558
179044352,0.014294996857643127,-32.20796203613281,-0.036279842257499695,0.0074796914122998714,-0.042852748185396194,0.7927225828170776,0.5179346799850464,0.29764431715011597,0.00331302871927619,3.693307399749756,0.032374653965234756,-0.036629289388656616,0.023704851046204567,-0.014475411735475063
180027392,0.029972752556204796,-23.75480079650879,-0.029650839045643806,0.008550858125090599,-0.04516034573316574,0.8455949425697327,0.4408489763736725,0.18424032628536224,0.0027678487822413445,2.156221628189087,0.04511594772338867,-0.03709995001554489,0.025769514963030815,-0.01557120680809021
180682752,0.007002801168709993,-33.05530548095703,-0.03841841220855713,0.0010553001193329692,-0.04086475446820259,0.7366946935653687,0.528117835521698,0.29638543725013733,0.003131947945803404,2.89985990524292,0.03004990518093109,-0.04150412976741791,0.021438535302877426,-0.013862980529665947
181665792,0.042293235659599304,-23.766773223876953,-0.030154243111610413,0.013508716598153114,-0.0467439666390419,0.8486842513084412,0.4259870946407318,0.14401139318943024,0.0023854379542171955,1.8195489645004272,0.044389717280864716,-0.03365505114197731,0.02552325837314129,-0.015966974198818207
182321152,0.0020949719473719597,-35.56026077270508,-0.03647013008594513,0.0004697222029790282,-0.03901705890893936,0.7178770899772644,0.5365533232688904,0.28034085035324097,0.004237717017531395,5.097066879272461,0.03082025982439518,-0.04037228971719742,0.02064802683889866,-0.013325165957212448
183304192,0.049808427691459656,-19.77055549621582,-0.028046078979969025,0.017129214480519295,-0.04272991046309471,0.8141762018203735,0.3897973299026489,0.16515710949897766,0.0018398090032860637,1.435823678970337,0.04569223150610924,-0.026015767827630043,0.02876042015850544,-0.015542817302048206
183959552,0.0043541365303099155,-34.84334182739258,-0.03580169379711151,0.0009549601818434894,-0.04111938178539276,0.8084179759025574,0.5121259093284607,0.2893467843532562,0.0034884351771324873,3.7837445735931396,0.029663000255823135,-0.041373901069164276,0.021725047379732132,-0.013756435364484787
184942592,0.06244424358010292,-19.589513778686523,-0.02648923173546791,0.020752443000674248,-0.04384573549032211,0.8206957578659058,0.3911229372024536,0.177339568734169,0.0015602802159264684,1.2453166246414185,0.046810541301965714,-0.02352742664515972,0.027801645919680595,-0.01563158445060253
185597952,0.002191380597651005,-34.543312072753906,-0.03804325312376022,0.000527684751432389,-0.04167322441935539,0.7837837934494019,0.519797682762146,0.3076556921005249,0.00327610713429749,3.8254201412200928,0.028328601270914078,-0.04253828898072243,0.022536812350153923,-0.013950287364423275
186777600,0.07087378948926926,-19.595067977905273,-0.024883123114705086,0.019638435915112495,-0.039954110980033875,0.8194174766540527,0.4227703809738159,0.19966791570186615,0.0017983420984819531,1.6572816371917725,0.04429950192570686,-0.020755799487233162,0.028341885656118393,-0.014324230141937733
187236352,0.0014947683084756136,-33.96626281738281,-0.039283473044633865,0.0001668392651481554,-0.03791498765349388,0.6674140691757202,0.506440281867981,0.29755479097366333,0.0025016965810209513,3.1233184337615967,0.024964086711406708,-0.039945460855960846,0.021800706163048744,-0.01319854985922575
188022784,0.02585410885512829,-24.249134063720703,-0.025860145688056946,0.0065285335294902325,-0.05027381703257561,0.9030470848083496,0.295209139585495,0.12264958769083023,0.0016457169549539685,1.1625115871429443,0.04515235126018524,-0.043745286762714386,0.02430599182844162,-0.01717275008559227
188874752,0.009993338026106358,-33.27094650268555,-0.03992946818470955,0.005213311407715082,-0.044050976634025574,0.8274483680725098,0.51814866065979,0.2763200104236603,0.002969118533656001,2.920053482055664,0.03610679507255554,-0.039885859936475754,0.0241223257035017,-0.014681924134492874
189726720,0.025438597425818443,-24.829973220825195,-0.02704325132071972,0.006247347220778465,-0.046453237533569336,0.8754386305809021,0.33040332794189453,0.16024599969387054,0.002299665939062834,1.5271930694580078,0.06251056492328644,-0.04056846350431442,0.02409331686794758,-0.015632061287760735
190513152,0.007703081239014864,-31.809555053710938,-0.03825761750340462,0.0028582115191966295,-0.0445060133934021,0.8151260614395142,0.5062438249588013,0.27649664878845215,0.0021328104194253683,2.2170867919921875,0.03316706418991089,-0.04279625788331032,0.02410607784986496,-0.014677384868264198
191758336,0.03415941074490547,-23.539363861083984,-0.023192916065454483,0.010017100721597672,-0.02817683480679989,0.5920964479446411,0.5650575160980225,0.2836638391017914,0.003896932350471616,4.503683567047119,0.04346288740634918,-0.020312000066041946,0.024499285966157913,-0.010921208187937737
192479232,0.039772726595401764,-30.112985610961914,-0.04025779291987419,0.006988413166254759,-0.053584326058626175,0.9602273106575012,0.382616251707077,0.3018065392971039,0.0022793004754930735,1.2196969985961914,0.01783972978591919,-0.04659591242671013,0.027216125279664993,-0.01731453277170658
193396736,0.0223214291036129,-26.48775863647461,-0.026730293408036232,0.007081623189151287,-0.02851256914436817,0.5595238208770752,0.624210774898529,0.28120020031929016,0.002683386905118823,3.9278273582458496,0.03506277874112129,-0.024129359051585197,0.022306788712739944,-0.010907452553510666
194117632,0.027422305196523666,-30.36421012878418,-0.03826232999563217,0.00823519192636013,-0.05421869456768036,0.9716636538505554,0.3885715901851654,0.30718135833740234,0.002162499353289604,1.1480804681777954,0.018870443105697632,-0.04598349705338478,0.027412429451942444,-0.017375702038407326
195035136,0.04457652196288109,-24.750391006469727,-0.02676638774573803,0.02046874538064003,-0.02974112518131733,0.5869241952896118,0.6093562245368958,0.3296777606010437,0.0025808694772422314,3.991084575653076,0.03363296762108803,-0.011590356938540936,0.026557952165603638,-0.011478427797555923
195756032,0.023877745494246483,-31.690723419189453,-0.040776122361421585,0.006205657031387091,-0.054064445197582245,0.976122260093689,0.39489442110061646,0.32979556918144226,0.002688917564228177,1.4326647520065308,0.019825389608740807,-0.04785878583788872,0.027690839022397995,-0.017336875200271606
196673536,0.021561337634921074,-28.922101974487305,-0.025665901601314545,0.00927033368498087,-0.03081398457288742,0.6617100238800049,0.5869837403297424,0.30867379903793335,0.004225387703627348,5.866914749145508,0.045779258012771606,-0.023412298411130905,0.02302795834839344,-0.011535143479704857
197394432,0.03903345763683319,-29.135650634765625,-0.03852833807468414,0.011727837845683098,-0.05348584055900574,0.9609665274620056,0.398270845413208,0.2912811040878296,0.0017720385221764445,0.934944212436676,0.02786256931722164,-0.04175800457596779,0.028673561289906502,-0.017328741028904915
198049792,0.01858407072722912,-26.6436824798584,-0.035772904753685,0.0041713654063642025,-0.04911065474152565,0.8407079577445984,0.4787006676197052,0.1645907312631607,0.0019377194112166762,1.2628318071365356,0.05070340260863304,-0.045529257506132126,0.023054009303450584,-0.016824306920170784
198705152,0.0015612802235409617,-37.721351623535156,-0.038849812000989914,0.00017157054389826953,-0.04596533998847008,0.8790007829666138,0.5128317475318909,0.3064473569393158,0.004251781385391951,5.132708549499512,0.030436545610427856,-0.04653797671198845,0.022259386256337166,-0.014979919418692589
199622656,0.06813996285200119,-21.493043899536133,-0.025847317650914192,0.02029433101415634,-0.04650062695145607,0.8443830609321594,0.3983871638774872,0.18127478659152985,0.0030072699300944805,1.7237569093704224,0.03176422789692879,-0.02647639811038971,0.02642766945064068,-0.01640508323907852
200343552,0.0011997600086033344,-36.02083206176758,-0.03977912291884422,0.00034266168950125575,-0.0452733188867569,0.8548290133476257,0.555668294429779,0.279914528131485,0.0029207421466708183,3.317936420440674,0.031197838485240936,-0.04581848531961441,0.021233441308140755,-0.014965825714170933
201064448,0.029990628361701965,-26.996997833251953,-0.029276123270392418,0.0095708929002285,-0.05162510275840759,0.9137769341468811,0.33224669098854065,0.17533838748931885,0.002300744177773595,1.5182756185531616,0.04441555589437485,-0.04205421358346939,0.023773308843374252,-0.017376521602272987
201981952,0.0028248587623238564,-37.0064697265625,-0.040326014161109924,0.0005566162872128189,-0.04660680890083313,0.8711864352226257,0.5619989037513733,0.2542816698551178,0.0037520492915064096,4.73672342300415,0.03796565160155296,-0.04679595306515694,0.02125387266278267,-0.015339281409978867
202702848,0.022748814895749092,-25.494413375854492,-0.02674068883061409,0.006499336566776037,-0.051307570189237595,0.9109004735946655,0.3181779682636261,0.1620047390460968,0.0019256569212302566,1.1706161499023438,0.04053998365998268,-0.04480822756886482,0.023676538839936256,-0.01730341464281082
203620352,0.004576658830046654,-33.766395568847656,-0.03863978385925293,0.001731637865304947,-0.046082258224487305,0.8747138977050781,0.5537909865379333,0.2597369849681854,0.002552127232775092,2.7757434844970703,0.03847556561231613,-0.04507144168019295,0.021790234372019768,-0.015234354883432388
204406784,0.06497175246477127,-20.672626495361328,-0.024293288588523865,0.012237133458256721,-0.048604339361190796,0.8634651303291321,0.2855489253997803,0.13151219487190247,0.0009828177280724049,0.6280602812767029,0.03889944776892662,-0.036367204040288925,0.024929026141762733,-0.017394261434674263
205258752,0.006658595986664295,-32.86862564086914,-0.03902403637766838,0.003699334105476737,-0.045247480273246765,0.84079909324646,0.530177116394043,0.26635676622390747,0.0021113643888384104,2.142857313156128,0.03329481929540634,-0.04252070561051369,0.022277068346738815,-0.015066664665937424
206110720,0.0815533995628357,-19.15951156616211,-0.02152981050312519,0.013510877266526222,-0.04313073679804802,0.8165048956871033,0.3269656002521515,0.16905440390110016,0.002410809975117445,1.8543689250946045,0.04044047370553017,-0.03002115897834301,0.02472796104848385,-0.015579946339130402
206897152,0.007657945156097412,-34.8160400390625,-0.03933744132518768,0.0027470639906823635,-0.0440039224922657,0.7760050892829895,0.5276988744735718,0.2587191164493561,0.003216101322323084,3.0140395164489746,0.03421650826931,-0.04263103008270264,0.02125956118106842,-0.014974637888371944
207749120,0.021800948306918144,-24.743112564086914,-0.02776380628347397,0.006085272878408432,-0.04335978627204895,0.8341231942176819,0.38143470883369446,0.21930916607379913,0.0026916274800896645,1.9308056831359863,0.047003161162137985,-0.03773580864071846,0.024707218632102013,-0.015095333568751812
208535552,0.018018018454313278,-33.38951873779297,-0.035909347236156464,0.008250679820775986,-0.04281747341156006,0.8059597611427307,0.5195093750953674,0.29607534408569336,0.003117750631645322,3.595980405807495,0.032712388783693314,-0.03569407761096954,0.022834960371255875,-0.014408200047910213
209387520,0.08261287212371826,-17.885515213012695,-0.023864777758717537,0.01419831719249487,-0.04091034084558487,0.768491804599762,0.3566189706325531,0.21894259750843048,0.002319382270798087,1.5417866706848145,0.0375562384724617,-0.027211543172597885,0.026114879176020622,-0.015313167124986649
210173952,0.00417910423129797,-35.57136917114258,-0.03882599249482155,0.0018089222721755505,-0.04782021418213844,0.878805935382843,0.5509755611419678,0.2463786005973816,0.002737966366112232,3.136716365814209,0.03250449150800705,-0.046771492809057236,0.020953133702278137,-0.015437139198184013
211025920,0.034715525805950165,-20.847667694091797,-0.02642240934073925,0.008106921799480915,-0.04287303239107132,0.7907425165176392,0.3918032646179199,0.2323482781648636,0.0022125199902802706,1.5014464855194092,0.03578813374042511,-0.035370420664548874,0.02610880881547928,-0.01547705102711916
211812352,0.020930232480168343,-34.859580993652344,-0.03690382093191147,0.01054323185235262,-0.04627595469355583,0.8290697932243347,0.525791347026825,0.23495951294898987,0.003566387575119734,4.146511554718018,0.031249383464455605,-0.036662958562374115,0.021460384130477905,-0.015504149720072746
212598784,0.05624404177069664,-24.77849006652832,-0.026445575058460236,0.010779453441500664,-0.049970146268606186,0.880838930606842,0.36460423469543457,0.1439937800168991,0.003522212617099285,2.278360366821289,0.02862085960805416,-0.03919069096446037,0.022697627544403076,-0.017505165189504623
213057536,0.002793296240270138,-32.02680587768555,-0.031270239502191544,0.0008012172766029835,-0.03961804136633873,0.7271881103515625,0.6338669061660767,0.2530745267868042,0.004162038676440716,4.372439384460449,0.038976870477199554,-0.04060453176498413,0.018787698820233345,-0.013205519877374172
213843968,0.038333334028720856,-27.981250762939453,-0.03255196288228035,0.007728592958301306,-0.052056316286325455,0.9583333730697632,0.3723777234554291,0.2527971863746643,0.002705370308831334,1.4758334159851074,0.02445601485669613,-0.04432772472500801,0.02697787433862686,-0.016952013596892357
214630400,0.04219409450888634,-29.90245246887207,-0.03033393807709217,0.013358606956899166,-0.04092402756214142,0.800000011920929,0.5031202435493469,0.18733519315719604,0.00502968393266201,5.347679138183594,0.05464427173137665,-0.028178641572594643,0.02336600050330162,-0.014679704792797565
215416832,0.009097270667552948,-34.753379821777344,-0.03404384106397629,0.0026784467045217752,-0.04928036034107208,0.8845346570014954,0.3798162341117859,0.2551179826259613,0.0048131090588867664,4.799860000610352,0.023164991289377213,-0.0473063625395298,0.02360672503709793,-0.015849804505705833
216072192,0.011754827573895454,-30.277280807495117,-0.03428793326020241,0.004640988074243069,-0.050523124635219574,0.8774139285087585,0.4161822199821472,0.11827849596738815,0.0024458691477775574,1.7875734567642212,0.061203423887491226,-0.046229179948568344,0.01981838420033455,-0.01745663210749626
216727552,0.0,-37.09211730957031,-0.0463561937212944,0.0,-0.05088784918189049,0.9147627353668213,0.48003631830215454,0.2647298574447632,0.0029542353004217148,2.6353251934051514,0.0324084497988224,-0.051385801285505295,0.022501850500702858,-0.016350336372852325
217317376,0.013059700839221478,-30.351770401000977,-0.031172210350632668,0.004403212573379278,-0.05550262704491615,0.9589552283287048,0.2744198739528656,0.1132936179637909,0.0020296606235206127,1.0597014427185059,0.03708365932106972,-0.05109941214323044,0.020014388486742973,-0.018228739500045776
217972736,0.020095692947506905,-34.4837646484375,-0.03493775799870491,0.008775614202022552,-0.04480985552072525,0.7990430593490601,0.5481834411621094,0.14888130128383636,0.0038752013351768255,5.0918660163879395,0.057811200618743896,-0.03694652020931244,0.018978530541062355,-0.01576576568186283
218693632,0.004051863681524992,-33.84214401245117,-0.039182666689157486,0.0014522798592224717,-0.05650710314512253,0.9959481358528137,0.3386620283126831,0.2430119663476944,0.003019198076799512,1.5696920156478882,0.022309551015496254,-0.05505482479929924,0.02380145713686943,-0.017667537555098534
219348992,0.03125,-28.22871971130371,-0.033918850123882294,0.010389263741672039,-0.04710262268781662,0.8589015603065491,0.41919296979904175,0.1540841907262802,0.0018415903905406594,1.6193182468414307,0.061695244163274765,-0.03699113428592682,0.02127241902053356,-0.016699420288205147
220004352,0.0025423727929592133,-35.513023376464844,-0.04113929346203804,0.0011021934915333986,-0.04857198894023895,0.8745762705802917,0.48933982849121094,0.2783896327018738,0.0032108917366713285,3.1042373180389404,0.03205236792564392,-0.048238158226013184,0.022772854194045067,-0.015848373994231224
220594176,0.020358305424451828,-27.434247970581055,-0.028857288882136345,0.004794902168214321,-0.05859433114528656,0.9535830020904541,0.3025713264942169,0.08702898025512695,0.0009664514218457043,0.5561888813972473,0.030797578394412994,-0.05379943177103996,0.019971663132309914,-0.018905159085989
221249536,0.017025088891386986,-30.680866241455078,-0.03785170614719391,0.00840812735259533,-0.04754039645195007,0.7930107712745667,0.5675638318061829,0.17276188731193542,0.002743286546319723,3.0752687454223633,0.05244496464729309,-0.04007013887166977,0.020823011174798012,-0.016614386811852455
221970432,0.027420736849308014,-32.55860900878906,-0.03753103315830231,0.004516935907304287,-0.0543590746819973,0.9708654880523682,0.35007625818252563,0.2633124589920044,0.00457328325137496,2.3976006507873535,0.020776808261871338,-0.04984213784337044,0.024773143231868744,-0.01735355705022812
222691328,0.023255813866853714,-27.441425323486328,-0.03500034660100937,0.009465415962040424,-0.04474356397986412,0.8297674655914307,0.4454925060272217,0.1581902951002121,0.001677488093264401,1.480930209159851,0.05914929136633873,-0.035606831312179565,0.02188047580420971,-0.016404513269662857
223281152,0.0017406439874321222,-34.92203140258789,-0.03853262960910797,0.0005985451280139387,-0.044678814709186554,0.7989556193351746,0.4848283529281616,0.29373878240585327,0.002520790556445718,3.247171401977539,0.028308182954788208,-0.04536834731698036,0.021933741867542267,-0.01493377611041069
223936512,0.022165387868881226,-27.875526428222656,-0.026376478374004364,0.006611731834709644,-0.05589127913117409,0.937766432762146,0.2888094186782837,0.09985098242759705,0.0036641964688897133,1.880647897720337,0.029371390119194984,-0.04927954450249672,0.020916419103741646,-0.01850796677172184
224919552,0.009999999776482582,-32.813655853271484,-0.038278087973594666,0.004067614208906889,-0.044932931661605835,0.7982352375984192,0.49967917799949646,0.27982667088508606,0.0029365085065364838,3.4752938747406006,0.03186265379190445,-0.04193590208888054,0.02382051758468151,-0.015489209443330765
225574912,0.03660886362195015,-24.84101104736328,-0.025620991364121437,0.008089598268270493,-0.05264187231659889,0.9007707238197327,0.2810309827327728,0.1340707540512085,0.001335096312686801,0.7312138676643372,0.028064467012882233,-0.0445522777736187,0.021610077470541,-0.01794230379164219
226164736,0.004205214325338602,-34.139244079589844,-0.03428339958190918,0.0010712298098951578,-0.040522895753383636,0.7190916538238525,0.6400578022003174,0.23985089361667633,0.0035214577801525593,5.142977237701416,0.04229866340756416,-0.04101600497961044,0.017693959176540375,-0.014263567514717579
226885632,0.03548680618405342,-30.09356117248535,-0.03769916296005249,0.006552259903401136,-0.05388465151190758,0.9645131826400757,0.38546401262283325,0.2905420660972595,0.0016745772445574403,0.8862602114677429,0.019901584833860397,-0.04733239486813545,0.025166701525449753,-0.01735617406666279
227672064,0.020351527258753777,-29.31487464904785,-0.03347834572196007,0.004940687213093042,-0.04515022784471512,0.8408880829811096,0.48618781566619873,0.24740029871463776,0.0019089869456365705,2.0351526737213135,0.03436281532049179,-0.040659740567207336,0.02075835131108761,-0.015592125244438648
228196352,0.000834724516607821,-34.201805114746094,-0.037086039781570435,9.677965863374993e-05,-0.04291854798793793,0.8180299997329712,0.517712414264679,0.3387868106365204,0.002526842523366213,2.8439064025878906,0.028036845847964287,-0.043995946645736694,0.021646149456501007,-0.01403551921248436
228851712,0.014461316168308258,-27.3257999420166,-0.027085337787866592,0.003189000068232417,-0.054894983768463135,0.9284164905548096,0.2624318599700928,0.11437370628118515,0.001756733050569892,0.9363701939582825,0.028074009343981743,-0.0517059788107872,0.01993894763290882,-0.018460555002093315
229441536,0.011808117851614952,-34.51273727416992,-0.038133420050144196,0.005927700083702803,-0.04865710809826851,0.7977859377861023,0.5361484885215759,0.17525166273117065,0.00406716950237751,3.758671522140503,0.03834144398570061,-0.043674055486917496,0.01853085309267044,-0.01681465655565262
230162432,0.06244930997490883,-26.908193588256836,-0.03214278817176819,0.009838584810495377,-0.05227939411997795,0.9367396235466003,0.33912885189056396,0.2515091001987457,0.002287226030603051,1.1881588697433472,0.019420942291617393,-0.042440805584192276,0.02492227405309677,-0.01730167865753174
230752256,0.022341376170516014,-26.922569274902344,-0.03462124615907669,0.005952160339802504,-0.05176864191889763,0.8391420841217041,0.36799177527427673,0.13841921091079712,0.001063765143044293,0.7274352312088013,0.041552234441041946,-0.04615011438727379,0.021059220656752586,-0.017998356372117996
231473152,0.008862629532814026,-30.415189743041992,-0.03350832685828209,0.0022658812813460827,-0.045061152428388596,0.854505181312561,0.520209550857544,0.27479133009910583,0.001868674997240305,1.9822746515274048,0.04291604086756706,-0.043597836047410965,0.0231162142008543,-0.015011906623840332
232128512,0.028248587623238564,-24.41510009765625,-0.0259164497256279,0.007270991336554289,-0.05247927084565163,0.924670398235321,0.2904234230518341,0.13403373956680298,0.0013695524539798498,0.8935969471931458,0.03814709186553955,-0.04520827904343605,0.023624859750270844,-0.017462020739912987
232718336,0.0045537338592112064,-30.553298950195312,-0.034493472427129745,0.0010405880166217685,-0.040476348251104355,0.7249544858932495,0.6445789337158203,0.2171591967344284,0.0030162595212459564,4.0619306564331055,0.05730351060628891,-0.040984030812978745,0.0201085414737463,-0.014336447231471539
233439232,0.014307228848338127,-29.618227005004883,-0.03292613849043846,0.0028273467905819416,-0.05563312768936157,0.984939694404602,0.3165351152420044,0.23641160130500793,0.0016208639135584235,0.838102400302887,0.021677659824490547,-0.052805785089731216,0.02479587309062481,-0.01764235831797123
234029056,0.01799686998128891,-27.253332138061523,-0.03535725921392441,0.0050821141339838505,-0.052698876708745956,0.8552425503730774,0.3953595757484436,0.10649226605892181,0.0013837809674441814,0.8372457027435303,0.04960048198699951,-0.04798191413283348,0.020955339074134827,-0.018379174172878265
234749952,0.0020661158487200737,-34.365333557128906,-0.042745642364025116,0.0005397849017754197,-0.05116494745016098,0.9001377820968628,0.5090698003768921,0.22921323776245117,0.00241735833697021,1.9745179414749146,0.033910978585481644,-0.051125623285770416,0.02205369994044304,-0.01681721769273281
235405312,0.07640878856182098,-20.359975814819336,-0.022211220115423203,0.013941123150289059,-0.04959413409233093,0.8767908215522766,0.2885230779647827,0.1438794732093811,0.0013091249857097864,0.9169054627418518,0.033543575555086136,-0.0356530137360096,0.024424050003290176,-0.017217300832271576
235995136,0.003597122384235263,-30.52800178527832,-0.03479986637830734,0.0010636331280693412,-0.03783316910266876,0.6906474828720093,0.6351943016052246,0.18850202858448029,0.003860373282805085,4.168165683746338,0.051930442452430725,-0.03843020647764206,0.019555315375328064,-0.014047683216631413
236716032,0.020038168877363205,-30.03297233581543,-0.03879886120557785,0.006387804634869099,-0.053173743188381195,0.9780534505844116,0.4093475937843323,0.29840606451034546,0.0016722176223993301,0.9293892979621887,0.020483115687966347,-0.046785932034254074,0.028352543711662292,-0.016899473965168
237436928,0.021316032856702805,-27.23952865600586,-0.03504400700330734,0.006519324146211147,-0.04899100959300995,0.8433734774589539,0.42456820607185364,0.14859329164028168,0.002362701576203108,1.411492109298706,0.047798484563827515,-0.042854756116867065,0.02268117479979992,-0.017025567591190338
238026752,0.0016286644386127591,-34.19603729248047,-0.03629450872540474,0.0001765489869285375,-0.04018668085336685,0.7760586142539978,0.5290223360061646,0.2777983844280243,0.0027512803208082914,3.8672637939453125,0.031622692942619324,-0.0414433591067791,0.021328777074813843,-0.013481108471751213
238682112,0.03786574676632881,-23.529296875,-0.024464238435029984,0.009039130061864853,-0.05144396796822548,0.909638524055481,0.2827067971229553,0.12450701743364334,0.0015804414870217443,1.216006875038147,0.037030283361673355,-0.042404837906360626,0.023432321846485138,-0.01740785501897335
239665152,0.005163511261343956,-30.03145980834961,-0.040368374437093735,0.0012739715166389942,-0.046394772827625275,0.8221457004547119,0.5161707997322083,0.21477359533309937,0.0020485685672611,1.6827309131622314,0.041376110166311264,-0.04598138481378555,0.0231375303119421,-0.016097383573651314
240320512,0.028959276154637337,-23.61054801940918,-0.023082109168171883,0.008694849908351898,-0.0528055876493454,0.9158371090888977,0.2557676434516907,0.09184515476226807,0.0010036190506070852,0.6714932322502136,0.034888286143541336,-0.0441107377409935,0.022291036322712898,-0.017815910279750824
241303552,0.007883565500378609,-30.901681900024414,-0.03849362954497337,0.0024722565431147814,-0.0447441041469574,0.8259550929069519,0.5152955651283264,0.23629125952720642,0.0024489727802574635,2.173438549041748,0.03352511301636696,-0.04320574551820755,0.023198818787932396,-0.015238813124597073
242089984,0.029154518619179726,-25.25519561767578,-0.0290814358741045,0.008639181032776833,-0.04969533160328865,0.886297345161438,0.31049638986587524,0.11579252779483795,0.0017183760646730661,1.1486880779266357,0.04186803102493286,-0.041056156158447266,0.023493940010666847,-0.017265675589442253
242941952,0.007504690438508987,-32.833099365234375,-0.03698158636689186,0.004086337983608246,-0.04293690621852875,0.7923702001571655,0.5310326814651489,0.24887219071388245,0.0031845676712691784,3.0150094032287598,0.03576250374317169,-0.04013887420296669,0.02178022637963295,-0.014513018541038036
244056064,0.068359375,-22.96657371520996,-0.02693101577460766,0.014166619628667831,-0.03697250038385391,0.7744140625,0.45569533109664917,0.22079768776893616,0.0027898186817765236,2.392578125,0.04189895838499069,-0.023365776985883713,0.02494470775127411,-0.013481898233294487
244580352,0.006172839552164078,-34.20368576049805,-0.03468642011284828,0.0016352832317352295,-0.037781745195388794,0.6697530746459961,0.5022164583206177,0.28615835309028625,0.003725632792338729,4.5285491943359375,0.026442181318998337,-0.038296669721603394,0.021046321839094162,-0.013276821002364159
245563392,0.04821600764989853,-23.81511688232422,-0.02666892297565937,0.011890743859112263,-0.04005470126867294,0.8061716556549072,0.4354749619960785,0.19618114829063416,0.00253903865814209,2.0703954696655273,0.044153448194265366,-0.028729692101478577,0.024223731830716133,-0.01419333927333355
246218752,0.0035919540096074343,-35.040409088134766,-0.03616722300648689,0.0016504207160323858,-0.04157174006104469,0.7543103694915771,0.5008640289306641,0.24720671772956848,0.003401137189939618,3.938936710357666,0.02807169407606125,-0.04153530299663544,0.020850278437137604,-0.013960285112261772
247070720,0.04901960492134094,-20.896757125854492,-0.025060996413230896,0.010249871760606766,-0.04265354946255684,0.8172905445098877,0.34195825457572937,0.1837661862373352,0.0013597188517451286,0.9679144024848938,0.05187320336699486,-0.03289090469479561,0.02503078058362007,-0.015280555002391338
247857152,0.00631313119083643,-35.33595275878906,-0.03975200653076172,0.002770085819065571,-0.04708486795425415,0.8226010203361511,0.5087945461273193,0.1975812464952469,0.0035019360948354006,3.2645201683044434,0.03368348628282547,-0.045392222702503204,0.020703604444861412,-0.015773603692650795
248512512,0.032755300402641296,-23.687477111816406,-0.023749198764562607,0.006263157352805138,-0.05171322822570801,0.9219653606414795,0.2622780501842499,0.10828135162591934,0.0011949744075536728,0.7475915551185608,0.04005935788154602,-0.04545007646083832,0.022407084703445435,-0.017440754920244217
249102336,0.012596899643540382,-28.85188102722168,-0.03283869847655296,0.005305231083184481,-0.03602001443505287,0.680232584476471,0.5831361413002014,0.14004294574260712,0.0028918245807290077,3.1792635917663574,0.04997089132666588,-0.03242666274309158,0.01942947693169117,-0.013548145070672035
249823232,0.02777777798473835,-30.256118774414062,-0.03682432696223259,0.004852126352488995,-0.05443618819117546,0.9722222089767456,0.35127389430999756,0.24695266783237457,0.0022897478193044662,1.1729390621185303,0.019266774877905846,-0.04958406463265419,0.025707514956593513,-0.017467990517616272
